sample_id,variety,region,quality_score,quality_category,sugar_content_brix,acidity_ph,cluster_weight_g,berry_size_mm,harvest_date,sun_exposure_hours,soil_moisture_percent,rainfall_mm
1,Riesling,Barossa Valley,2.11,Medium,13.7,3.17,251.81,18.58,2023-09-04,8.4,55.9,223.3
2,Pinot Noir,Loire Valley,2.83,High,20.84,3.15,289.0,22.08,2023-09-16,8.8,36.9,312.1
3,Sauvignon Blanc,Napa Valley,3.52,Premium,27.46,4.07,125.14,21.4,2023-08-25,11.1,64.9,698.7
4,Riesling,Napa Valley,2.28,Medium,24.64,3.15,237.46,12.31,2023-09-13,8.0,54.5,660.1
5,Merlot,Napa Valley,2.9,High,26.13,3.18,221.52,12.24,2023-08-11,11.2,36.3,410.4
6,Zinfandel,Mendoza,2.05,Medium,23.18,3.86,299.85,14.02,2023-09-29,6.5,68.5,426.1
7,Sauvignon Blanc,Tuscany,2.96,High,23.85,3.43,321.83,15.42,2023-08-11,10.7,50.7,520.1
8,Sauvignon Blanc,Mendoza,3.18,High,26.98,3.89,53.65,16.13,2023-08-01,11.1,32.9,200.1
9,Riesling,Tuscany,2.01,Medium,14.99,2.89,252.21,20.2,2023-09-29,7.1,55.1,344.7
10,Chardonnay,Rioja,2.07,Medium,19.79,3.48,65.55,10.85,2023-08-01,8.6,40.1,324.9
11,Merlot,Mendoza,1.3,Low,14.42,2.85,214.66,10.52,2023-09-24,7.0,62.1,350.3
12,Riesling,Mendoza,3.12,High,29.75,2.89,136.29,15.88,2023-08-16,10.2,62.7,683.5
13,Merlot,Barossa Valley,3.22,High,28.88,4.07,142.03,20.46,2023-09-01,9.2,69.2,367.8
14,Merlot,Bordeaux,1.75,Medium,10.79,2.99,155.89,12.9,2023-09-20,9.8,50.1,314.9
15,Zinfandel,Mendoza,2.68,High,24.11,3.55,236.39,19.62,2023-09-03,7.2,48.2,502.6
16,Sauvignon Blanc,Barossa Valley,2.56,High,28.5,3.38,150.21,13.9,2023-08-13,7.3,60.1,719.4
17,Pinot Noir,Sonoma,2.0,Medium,13.61,3.29,269.81,23.29,2023-09-03,6.2,35.3,344.8
18,Zinfandel,Bordeaux,2.66,High,21.36,4.06,171.36,23.44,2023-09-11,7.9,51.9,247.1
19,Zinfandel,Rioja,2.8,High,28.31,2.83,70.51,14.46,2023-09-30,9.4,51.8,413.8
20,Merlot,Mendoza,2.06,Medium,10.68,3.73,285.13,13.45,2023-08-14,11.1,33.6,648.6
21,Syrah,Loire Valley,2.75,High,23.95,4.15,135.73,16.17,2023-08-18,10.0,46.7,530.4
22,Sauvignon Blanc,Napa Valley,2.01,Medium,15.95,3.58,179.83,13.61,2023-08-21,8.6,64.1,690.1
23,Chardonnay,Sonoma,3.58,Premium,28.49,4.11,255.63,20.09,2023-08-02,11.7,64.2,775.8
24,Zinfandel,Sonoma,3.52,Premium,29.42,2.87,149.74,22.39,2023-08-14,10.3,34.0,675.6
25,Pinot Noir,Rioja,3.71,Premium,28.89,3.39,66.98,20.1,2023-09-04,11.6,33.6,562.3
26,Syrah,Barossa Valley,2.82,High,19.48,3.16,162.18,22.37,2023-09-19,9.2,40.5,496.0
27,Syrah,Sonoma,2.62,High,27.24,3.82,333.33,15.95,2023-08-30,7.6,65.0,224.0
28,Chardonnay,Bordeaux,2.05,Medium,26.89,4.17,242.52,12.34,2023-08-20,6.3,35.2,790.6
29,Zinfandel,Mendoza,2.77,High,16.38,3.16,251.44,21.07,2023-09-04,10.4,58.8,430.1
30,Pinot Noir,Mendoza,2.42,Medium,26.58,3.72,239.68,15.41,2023-09-13,6.7,34.0,291.3
31,Sauvignon Blanc,Loire Valley,1.91,Medium,10.74,3.08,109.7,20.07,2023-08-29,7.8,54.9,600.0
32,Cabernet Sauvignon,Rioja,2.5,Medium,21.93,3.59,175.5,14.06,2023-09-04,9.2,44.2,370.6
33,Pinot Noir,Napa Valley,1.91,Medium,14.6,3.45,275.28,11.22,2023-09-17,9.4,61.6,551.5
34,Chardonnay,Barossa Valley,2.38,Medium,12.41,4.16,80.41,24.89,2023-09-05,9.6,39.3,552.1
35,Syrah,Napa Valley,1.38,Low,11.54,3.65,133.36,12.34,2023-08-08,7.0,55.6,467.4
36,Sauvignon Blanc,Sonoma,2.97,High,23.93,3.29,132.9,24.83,2023-08-06,8.3,39.4,701.7
37,Pinot Noir,Rioja,2.69,High,16.8,2.96,179.61,24.66,2023-09-16,9.7,58.5,359.0
38,Cabernet Sauvignon,Loire Valley,3.51,Premium,24.5,3.01,344.11,21.91,2023-08-20,11.8,64.9,469.2
39,Cabernet Sauvignon,Napa Valley,2.38,Medium,11.31,3.12,70.25,19.89,2023-08-28,10.4,35.1,522.6
40,Merlot,Bordeaux,2.79,High,16.31,3.15,205.61,18.67,2023-09-03,11.5,64.7,598.2
41,Merlot,Mendoza,3.09,High,20.79,3.99,103.81,22.99,2023-08-10,10.6,53.7,670.4
42,Riesling,Sonoma,2.82,High,25.81,3.59,341.2,14.34,2023-09-13,9.6,35.1,436.9
43,Chardonnay,Loire Valley,2.04,Medium,16.38,3.53,83.99,17.02,2023-09-10,7.2,47.1,587.6
44,Zinfandel,Napa Valley,2.9,High,22.52,2.96,171.08,19.29,2023-09-04,10.0,36.4,290.4
45,Pinot Noir,Barossa Valley,2.97,High,27.72,4.0,271.37,16.17,2023-08-16,9.7,58.0,759.6
46,Pinot Noir,Bordeaux,2.69,High,22.32,3.81,261.37,16.41,2023-09-28,9.6,60.4,429.8
47,Zinfandel,Bordeaux,1.94,Medium,14.66,2.89,176.82,14.95,2023-09-24,8.9,34.2,637.7
48,Riesling,Napa Valley,2.05,Medium,10.49,3.79,153.96,18.46,2023-09-18,9.2,50.2,212.2
49,Syrah,Mendoza,3.16,High,27.4,3.56,169.28,22.76,2023-09-15,8.0,62.6,323.1
50,Syrah,Napa Valley,1.6,Medium,10.43,2.91,129.28,13.02,2023-09-10,9.1,67.4,492.2
51,Riesling,Sonoma,3.03,High,27.49,3.44,111.6,24.02,2023-08-23,7.2,50.5,727.0
52,Syrah,Napa Valley,3.12,High,20.58,3.48,194.91,20.34,2023-09-27,10.8,68.0,516.4
53,Merlot,Bordeaux,2.99,High,28.78,3.03,130.56,22.35,2023-08-15,7.1,51.4,757.9
54,Pinot Noir,Loire Valley,2.44,Medium,25.98,4.12,136.24,18.34,2023-08-09,6.5,45.8,490.3
55,Riesling,Napa Valley,3.29,High,29.96,3.99,247.03,21.69,2023-08-14,8.6,63.9,494.3
56,Pinot Noir,Mendoza,2.03,Medium,17.01,3.74,340.56,10.24,2023-09-10,9.9,49.7,271.8
57,Zinfandel,Rioja,3.14,High,25.34,3.45,231.09,22.28,2023-09-01,8.6,48.9,681.6
58,Cabernet Sauvignon,Loire Valley,1.78,Medium,18.04,3.38,73.09,10.6,2023-09-27,7.7,49.6,348.2
59,Merlot,Barossa Valley,2.87,High,19.6,3.71,72.68,23.35,2023-08-19,9.3,63.9,739.8
60,Sauvignon Blanc,Tuscany,2.89,High,22.55,3.56,335.43,24.88,2023-09-22,8.1,63.3,746.5
61,Merlot,Napa Valley,3.12,High,27.47,2.89,139.19,14.41,2023-09-04,11.6,46.1,766.0
62,Riesling,Mendoza,3.3,High,29.68,3.52,77.62,13.15,2023-08-24,11.5,43.3,512.1
63,Sauvignon Blanc,Loire Valley,3.08,High,25.37,3.93,229.71,21.48,2023-08-18,9.0,49.7,606.3
64,Cabernet Sauvignon,Mendoza,2.07,Medium,18.36,3.44,237.09,13.8,2023-09-19,8.0,52.9,667.1
65,Riesling,Barossa Valley,2.88,High,18.43,2.87,244.55,22.98,2023-08-26,10.4,39.5,278.6
66,Chardonnay,Bordeaux,1.92,Medium,24.75,3.9,130.22,11.54,2023-08-30,6.2,61.8,560.6
67,Pinot Noir,Mendoza,1.77,Medium,14.78,3.08,54.53,11.89,2023-09-15,8.8,49.5,220.6
68,Cabernet Sauvignon,Loire Valley,2.18,Medium,12.21,3.16,339.5,24.69,2023-09-30,8.0,43.4,498.5
69,Pinot Noir,Mendoza,2.9,High,17.09,3.03,125.27,20.11,2023-08-05,11.5,34.3,292.9
70,Syrah,Mendoza,2.1,Medium,15.74,3.26,252.81,22.7,2023-08-18,6.1,39.6,309.8
71,Chardonnay,Mendoza,2.14,Medium,15.93,3.86,261.99,14.86,2023-09-01,9.3,68.0,419.0
72,Chardonnay,Sonoma,2.68,High,14.67,3.53,233.0,20.15,2023-09-26,10.4,42.2,459.5
73,Cabernet Sauvignon,Sonoma,2.03,Medium,10.84,3.09,143.87,18.91,2023-09-26,8.9,36.8,573.9
74,Chardonnay,Bordeaux,1.58,Medium,10.36,4.03,131.33,19.05,2023-08-17,6.5,48.4,244.7
75,Sauvignon Blanc,Napa Valley,3.7,Premium,29.75,4.03,229.3,20.24,2023-08-26,11.8,42.3,502.2
76,Chardonnay,Mendoza,2.48,Medium,18.56,4.02,309.83,18.63,2023-09-03,9.1,31.4,309.6
77,Pinot Noir,Barossa Valley,2.41,Medium,17.69,3.13,334.02,16.44,2023-08-24,9.7,42.9,544.4
78,Pinot Noir,Napa Valley,2.31,Medium,23.59,3.43,81.77,14.14,2023-08-21,7.4,51.8,582.4
79,Riesling,Barossa Valley,2.34,Medium,14.37,4.18,96.45,21.53,2023-09-05,8.9,52.1,534.0
80,Pinot Noir,Napa Valley,2.7,High,29.0,3.88,333.42,13.39,2023-08-14,8.6,44.3,643.0
81,Riesling,Bordeaux,2.54,High,25.73,2.84,270.96,20.39,2023-09-25,6.4,47.9,401.4
82,Pinot Noir,Mendoza,1.29,Low,11.79,2.89,314.9,13.5,2023-09-05,6.6,68.6,659.1
83,Sauvignon Blanc,Mendoza,2.95,High,18.35,3.45,110.79,19.38,2023-09-21,11.0,45.1,459.7
84,Zinfandel,Tuscany,2.89,High,27.58,4.07,226.28,21.21,2023-09-26,7.4,40.3,490.5
85,Riesling,Barossa Valley,2.54,High,28.89,3.55,260.34,13.28,2023-08-30,7.2,39.7,588.9
86,Merlot,Napa Valley,2.12,Medium,19.35,3.5,254.03,10.9,2023-09-09,9.0,48.3,211.0
87,Syrah,Napa Valley,2.5,Medium,22.27,2.95,172.45,11.96,2023-09-28,10.6,60.4,592.4
88,Cabernet Sauvignon,Rioja,1.82,Medium,13.34,3.72,54.62,19.09,2023-09-26,6.4,38.2,571.2
89,Pinot Noir,Rioja,3.46,High,29.82,3.95,224.88,22.74,2023-08-03,9.5,58.4,385.9
90,Chardonnay,Sonoma,1.4,Low,14.63,3.33,125.93,10.67,2023-08-15,6.7,30.8,251.5
91,Zinfandel,Tuscany,2.8,High,28.85,3.89,185.08,21.01,2023-09-04,6.2,46.8,254.6
92,Pinot Noir,Loire Valley,2.01,Medium,22.99,4.15,337.27,15.12,2023-08-12,6.3,61.0,753.9
93,Chardonnay,Rioja,2.94,High,22.15,3.09,169.71,17.18,2023-08-04,11.0,43.5,613.6
94,Syrah,Loire Valley,2.52,High,20.25,3.53,301.94,23.93,2023-08-01,6.7,52.5,276.3
95,Syrah,Sonoma,1.58,Medium,14.61,3.2,106.56,14.98,2023-08-14,6.3,38.2,414.0
96,Syrah,Sonoma,2.01,Medium,13.53,3.91,251.74,16.98,2023-08-29,8.6,59.7,555.5
97,Chardonnay,Sonoma,2.1,Medium,14.41,3.61,343.1,10.21,2023-08-21,11.1,32.1,701.3
98,Pinot Noir,Barossa Valley,1.52,Medium,13.73,3.69,80.57,11.22,2023-08-05,7.6,64.1,226.2
99,Syrah,Barossa Valley,2.51,High,25.59,3.92,52.5,13.88,2023-09-03,8.5,37.9,342.0
100,Sauvignon Blanc,Bordeaux,1.44,Low,17.0,3.35,180.07,10.42,2023-09-04,6.2,65.0,733.8
101,Riesling,Bordeaux,2.01,Medium,11.16,4.08,77.79,19.47,2023-08-27,8.7,44.1,205.5
102,Chardonnay,Sonoma,3.16,High,29.38,3.55,274.52,16.4,2023-08-17,9.5,58.9,320.8
103,Chardonnay,Tuscany,3.06,High,27.68,3.02,324.36,18.22,2023-09-15,9.4,42.8,775.4
104,Pinot Noir,Napa Valley,2.55,High,28.56,3.77,180.21,12.62,2023-08-29,8.0,66.2,568.0
105,Chardonnay,Barossa Valley,2.7,High,29.9,3.91,127.61,14.44,2023-09-03,7.9,35.1,357.0
106,Chardonnay,Tuscany,1.91,Medium,13.48,3.24,180.32,19.96,2023-09-04,6.6,37.1,240.2
107,Syrah,Mendoza,2.52,High,17.92,4.0,267.03,24.48,2023-09-18,8.2,49.7,216.9
108,Pinot Noir,Barossa Valley,1.92,Medium,25.16,4.07,52.72,10.76,2023-09-27,6.6,33.3,346.8
109,Syrah,Barossa Valley,3.32,High,23.92,3.19,226.84,23.36,2023-08-28,10.6,37.8,728.9
110,Riesling,Bordeaux,2.56,High,13.08,4.18,233.99,18.65,2023-08-05,11.8,67.8,449.5
111,Zinfandel,Napa Valley,3.38,High,26.32,3.0,241.31,18.46,2023-08-16,11.8,69.1,632.2
112,Riesling,Napa Valley,2.53,High,14.49,3.08,122.61,17.5,2023-08-02,11.2,45.1,751.0
113,Zinfandel,Rioja,1.83,Medium,14.48,3.06,264.22,11.04,2023-08-06,9.6,66.9,444.8
114,Syrah,Loire Valley,2.3,Medium,20.74,4.05,77.42,11.35,2023-09-14,10.2,51.8,314.8
115,Riesling,Loire Valley,2.54,High,21.86,3.72,109.78,19.01,2023-08-20,7.7,40.8,510.3
116,Pinot Noir,Loire Valley,2.55,High,21.6,3.01,313.24,15.11,2023-09-09,9.8,58.1,744.9
117,Cabernet Sauvignon,Loire Valley,2.34,Medium,11.83,3.42,271.62,23.76,2023-09-05,8.7,56.4,682.6
118,Syrah,Mendoza,2.9,High,27.55,3.66,54.12,16.1,2023-09-23,8.9,69.6,239.5
119,Zinfandel,Mendoza,2.07,Medium,15.31,2.92,124.51,12.15,2023-08-18,10.5,40.6,615.5
120,Sauvignon Blanc,Barossa Valley,2.02,Medium,12.59,4.04,114.32,20.72,2023-09-13,7.7,56.9,543.1
121,Zinfandel,Sonoma,2.57,High,27.77,3.93,131.24,14.4,2023-08-16,7.9,32.1,744.5
122,Sauvignon Blanc,Bordeaux,3.59,Premium,29.11,3.51,124.27,17.88,2023-09-27,11.5,34.5,273.5
123,Chardonnay,Bordeaux,2.62,High,27.24,4.15,68.76,20.47,2023-09-24,6.3,30.2,520.4
124,Riesling,Loire Valley,3.22,High,26.19,3.38,187.68,23.5,2023-09-24,8.9,70.0,727.7
125,Sauvignon Blanc,Barossa Valley,3.32,High,23.1,4.18,269.82,21.88,2023-08-07,11.5,62.1,446.0
126,Zinfandel,Rioja,2.89,High,21.02,3.74,232.02,20.15,2023-09-22,9.7,61.5,489.2
127,Chardonnay,Tuscany,2.29,Medium,11.74,3.69,251.86,20.19,2023-09-16,9.3,50.4,242.3
128,Cabernet Sauvignon,Sonoma,2.42,Medium,18.17,3.03,74.34,24.19,2023-09-13,7.5,42.0,366.9
129,Pinot Noir,Barossa Valley,1.96,Medium,17.45,4.03,335.45,14.44,2023-09-17,8.1,36.1,394.7
130,Pinot Noir,Sonoma,2.14,Medium,15.2,3.4,301.55,10.02,2023-09-05,11.1,41.4,767.1
131,Pinot Noir,Sonoma,2.59,High,24.47,3.03,291.53,14.08,2023-08-02,9.4,45.0,369.6
132,Sauvignon Blanc,Sonoma,2.16,Medium,19.92,2.82,296.9,13.27,2023-09-02,9.1,60.3,476.5
133,Cabernet Sauvignon,Barossa Valley,1.84,Medium,11.62,3.58,329.81,19.93,2023-08-01,6.6,51.6,602.8
134,Sauvignon Blanc,Loire Valley,1.9,Medium,14.4,3.54,213.28,19.51,2023-08-08,6.1,33.1,297.3
135,Riesling,Bordeaux,3.3,High,23.67,3.81,110.08,18.9,2023-08-21,11.8,30.7,491.9
136,Sauvignon Blanc,Bordeaux,1.35,Low,11.52,4.05,235.04,10.24,2023-09-30,8.3,34.1,643.1
137,Cabernet Sauvignon,Loire Valley,3.2,High,27.02,2.91,272.86,20.93,2023-09-13,9.6,46.4,720.1
138,Cabernet Sauvignon,Sonoma,1.92,Medium,19.9,3.82,271.38,14.85,2023-09-17,6.5,67.3,575.8
139,Riesling,Tuscany,2.82,High,19.61,3.06,206.43,19.98,2023-09-27,10.1,55.5,601.4
140,Cabernet Sauvignon,Napa Valley,3.08,High,21.85,4.0,70.54,18.35,2023-08-30,11.6,62.1,275.8
141,Zinfandel,Barossa Valley,2.8,High,26.49,3.95,161.33,15.14,2023-09-17,9.5,48.7,767.5
142,Cabernet Sauvignon,Napa Valley,1.67,Medium,16.96,3.56,326.23,12.02,2023-09-26,6.8,44.5,279.5
143,Pinot Noir,Rioja,2.42,Medium,23.56,3.79,225.33,11.42,2023-08-20,9.5,34.3,664.8
144,Zinfandel,Loire Valley,3.18,High,21.31,3.24,211.5,22.47,2023-09-16,10.6,65.0,358.9
145,Zinfandel,Tuscany,2.51,High,15.34,3.46,130.66,23.78,2023-09-01,8.4,61.3,760.2
146,Riesling,Barossa Valley,3.48,High,27.57,3.95,160.53,19.75,2023-09-18,11.3,36.7,632.0
147,Merlot,Loire Valley,2.7,High,25.95,3.44,318.6,11.55,2023-08-20,9.9,50.5,652.3
148,Merlot,Sonoma,3.04,High,23.17,3.3,249.94,16.03,2023-08-01,11.4,49.5,331.4
149,Cabernet Sauvignon,Bordeaux,3.36,High,27.01,3.49,286.22,20.93,2023-08-03,9.7,55.0,465.8
150,Zinfandel,Napa Valley,2.84,High,27.35,3.96,186.3,21.7,2023-09-04,6.8,67.8,570.7
151,Merlot,Mendoza,2.23,Medium,24.17,3.27,239.07,11.77,2023-08-18,7.9,53.2,662.0
152,Merlot,Mendoza,2.09,Medium,26.74,3.04,124.52,10.0,2023-08-20,7.2,51.6,262.4
153,Cabernet Sauvignon,Tuscany,3.39,High,23.95,3.8,261.64,20.68,2023-08-17,11.5,32.0,777.4
154,Merlot,Sonoma,2.82,High,23.6,3.96,178.28,15.35,2023-08-11,10.6,32.5,734.1
155,Sauvignon Blanc,Rioja,2.54,High,22.37,2.94,182.76,13.82,2023-09-19,10.1,37.5,362.2
156,Chardonnay,Napa Valley,2.13,Medium,25.05,3.14,244.8,10.19,2023-09-07,7.8,31.3,693.7
157,Riesling,Sonoma,1.79,Medium,13.17,3.0,330.88,18.1,2023-08-21,7.1,59.7,511.0
158,Chardonnay,Napa Valley,3.55,Premium,27.62,3.29,69.2,22.77,2023-08-10,10.5,58.9,477.1
159,Cabernet Sauvignon,Tuscany,3.3,High,27.44,3.43,297.42,24.36,2023-09-11,8.8,35.4,388.7
160,Pinot Noir,Tuscany,1.75,Medium,10.58,3.85,137.71,18.49,2023-09-03,7.4,63.4,548.6
161,Riesling,Rioja,3.07,High,26.52,3.71,183.18,17.72,2023-08-20,9.7,36.2,637.9
162,Cabernet Sauvignon,Mendoza,1.23,Low,12.58,3.67,56.57,11.28,2023-09-22,6.2,42.0,446.6
163,Zinfandel,Sonoma,2.23,Medium,16.7,3.29,140.31,18.23,2023-08-30,8.0,40.0,577.5
164,Pinot Noir,Barossa Valley,2.62,High,24.87,3.98,200.79,15.7,2023-08-09,8.8,44.9,619.6
165,Chardonnay,Mendoza,1.94,Medium,13.22,3.46,66.85,19.11,2023-09-22,6.9,40.2,626.7
166,Cabernet Sauvignon,Sonoma,3.19,High,26.36,4.17,197.33,15.83,2023-09-18,11.9,49.6,231.2
167,Zinfandel,Mendoza,2.41,Medium,26.64,3.69,328.13,13.6,2023-09-04,7.3,46.3,715.8
168,Riesling,Barossa Valley,1.71,Medium,20.15,2.98,81.62,11.42,2023-08-29,6.8,69.5,475.0
169,Riesling,Bordeaux,1.46,Low,10.13,3.75,279.33,14.72,2023-08-18,7.2,32.2,357.4
170,Syrah,Bordeaux,2.15,Medium,15.74,3.26,172.9,11.45,2023-08-19,10.6,35.7,345.1
171,Zinfandel,Rioja,2.29,Medium,22.34,3.76,246.55,12.65,2023-09-18,8.6,32.1,489.8
172,Sauvignon Blanc,Bordeaux,3.39,High,29.62,2.9,128.07,24.81,2023-09-21,9.4,55.0,732.1
173,Merlot,Bordeaux,2.1,Medium,22.64,3.04,97.85,16.66,2023-08-22,6.1,32.2,427.0
174,Pinot Noir,Loire Valley,1.75,Medium,15.2,4.0,98.14,17.98,2023-09-01,6.2,63.5,649.8
175,Zinfandel,Napa Valley,2.92,High,22.68,3.12,71.15,23.1,2023-09-09,8.7,50.5,258.1
176,Syrah,Loire Valley,3.15,High,20.8,3.97,105.69,24.93,2023-09-29,10.9,51.1,485.6
177,Merlot,Loire Valley,3.32,High,25.6,3.19,249.27,18.74,2023-08-28,11.3,52.5,795.0
178,Merlot,Rioja,1.96,Medium,12.14,3.7,314.51,22.19,2023-09-13,6.5,36.8,662.3
179,Cabernet Sauvignon,Loire Valley,2.71,High,25.22,3.77,294.24,14.9,2023-09-04,9.2,37.9,326.3
180,Merlot,Bordeaux,2.87,High,20.83,3.52,255.54,14.59,2023-09-28,11.5,42.8,500.9
181,Sauvignon Blanc,Barossa Valley,2.87,High,29.26,3.23,83.13,16.04,2023-08-13,8.3,53.7,340.2
182,Riesling,Rioja,2.82,High,16.84,3.1,136.76,20.09,2023-09-02,11.0,38.4,445.7
183,Syrah,Rioja,2.41,Medium,22.65,2.85,142.94,20.23,2023-08-25,6.8,34.7,668.1
184,Merlot,Tuscany,3.3,High,28.64,3.23,124.99,14.73,2023-08-15,11.6,68.8,662.7
185,Cabernet Sauvignon,Rioja,1.95,Medium,12.05,3.71,204.5,12.0,2023-09-30,10.5,30.9,336.9
186,Sauvignon Blanc,Tuscany,3.54,Premium,28.74,4.11,210.67,19.49,2023-09-25,11.6,62.1,753.3
187,Chardonnay,Rioja,2.51,High,23.76,4.02,157.07,11.92,2023-08-23,10.1,61.5,555.5
188,Riesling,Napa Valley,1.93,Medium,11.36,3.87,156.14,18.68,2023-08-28,8.2,41.9,428.0
189,Riesling,Bordeaux,2.89,High,16.02,3.9,298.57,20.4,2023-08-08,11.6,35.4,501.2
190,Syrah,Rioja,2.78,High,24.16,3.73,286.79,20.51,2023-09-26,7.7,35.8,563.0
191,Riesling,Bordeaux,2.08,Medium,11.35,3.16,142.34,21.3,2023-08-27,8.0,57.9,535.9
192,Merlot,Bordeaux,3.06,High,21.64,4.07,324.14,23.09,2023-09-28,10.2,55.7,491.8
193,Cabernet Sauvignon,Mendoza,2.62,High,16.92,3.74,335.84,17.5,2023-09-03,10.6,61.3,503.0
194,Riesling,Rioja,3.39,High,22.42,3.58,148.02,20.95,2023-09-10,11.6,67.5,305.8
195,Riesling,Sonoma,1.74,Medium,10.91,2.96,156.33,19.29,2023-09-13,7.2,57.7,687.6
196,Chardonnay,Mendoza,3.01,High,27.43,3.43,201.69,12.8,2023-09-02,10.8,36.2,525.1
197,Chardonnay,Sonoma,2.91,High,29.47,3.44,332.34,10.39,2023-08-01,10.4,39.7,278.6
198,Pinot Noir,Bordeaux,2.39,Medium,29.38,4.01,312.9,14.27,2023-08-21,6.4,63.7,659.7
199,Sauvignon Blanc,Bordeaux,2.71,High,24.99,3.57,80.77,16.65,2023-09-11,8.3,38.4,759.5
200,Merlot,Mendoza,2.01,Medium,12.6,3.33,167.82,19.26,2023-09-14,7.7,32.9,768.4
201,Riesling,Mendoza,2.84,High,25.17,4.17,216.01,22.75,2023-08-02,7.8,58.1,421.4
202,Zinfandel,Sonoma,2.07,Medium,10.49,2.96,200.94,12.94,2023-08-11,11.9,46.1,281.3
203,Riesling,Tuscany,1.77,Medium,10.44,3.39,108.16,11.88,2023-08-02,9.9,66.8,511.0
204,Cabernet Sauvignon,Sonoma,2.74,High,16.47,2.86,307.65,24.45,2023-08-25,10.3,56.0,267.6
205,Pinot Noir,Mendoza,2.59,High,19.77,3.84,253.08,11.62,2023-09-03,11.9,33.6,760.4
206,Sauvignon Blanc,Barossa Valley,2.64,High,25.41,4.09,301.37,17.18,2023-09-29,8.3,67.9,310.1
207,Zinfandel,Mendoza,3.13,High,23.67,3.19,307.63,18.78,2023-09-15,10.8,40.3,351.7
208,Pinot Noir,Barossa Valley,2.38,Medium,18.92,4.0,274.51,18.12,2023-08-04,8.6,43.5,444.0
209,Syrah,Napa Valley,2.21,Medium,15.47,3.21,181.76,11.29,2023-09-19,11.2,46.1,429.9
210,Sauvignon Blanc,Mendoza,2.29,Medium,29.94,4.08,233.16,10.86,2023-09-06,7.1,32.0,676.8
211,Riesling,Napa Valley,2.48,Medium,18.52,3.86,98.11,11.58,2023-09-06,11.7,49.9,473.8
212,Riesling,Tuscany,2.24,Medium,19.03,3.93,252.09,18.78,2023-08-17,7.3,34.9,302.5
213,Sauvignon Blanc,Sonoma,1.91,Medium,13.27,2.83,103.78,18.17,2023-08-05,8.0,46.0,360.3
214,Riesling,Barossa Valley,2.78,High,25.9,4.15,258.18,13.51,2023-08-19,10.5,44.0,505.5
215,Merlot,Sonoma,2.79,High,23.87,3.82,118.88,19.57,2023-08-17,8.4,60.9,288.5
216,Sauvignon Blanc,Napa Valley,2.6,High,14.42,3.23,85.27,22.3,2023-08-09,9.6,62.1,567.0
217,Pinot Noir,Barossa Valley,1.48,Low,11.65,3.96,99.59,10.62,2023-08-14,8.7,36.1,539.4
218,Sauvignon Blanc,Sonoma,2.99,High,23.61,3.19,50.6,17.47,2023-09-07,10.5,44.7,628.8
219,Zinfandel,Mendoza,2.58,High,23.09,4.02,265.62,20.34,2023-09-09,7.4,44.9,762.6
220,Riesling,Bordeaux,1.51,Medium,15.47,2.96,269.72,13.78,2023-09-07,6.4,36.1,747.4
221,Merlot,Napa Valley,2.68,High,29.02,3.79,204.48,14.62,2023-09-27,7.8,61.9,767.6
222,Merlot,Sonoma,2.25,Medium,13.02,3.56,98.41,19.2,2023-09-05,8.8,58.3,346.8
223,Syrah,Napa Valley,2.35,Medium,18.65,2.94,75.07,23.47,2023-08-21,7.0,37.6,278.9
224,Pinot Noir,Loire Valley,3.19,High,28.87,3.14,55.74,22.15,2023-09-22,8.1,44.7,381.4
225,Chardonnay,Napa Valley,2.32,Medium,18.39,2.82,99.72,18.75,2023-08-21,8.4,34.2,737.1
226,Chardonnay,Barossa Valley,2.54,High,22.77,3.46,317.26,20.95,2023-08-14,6.3,55.1,783.2
227,Sauvignon Blanc,Loire Valley,2.36,Medium,17.95,3.22,122.46,15.47,2023-09-29,9.5,34.9,715.6
228,Syrah,Rioja,2.82,High,15.48,3.64,156.28,19.61,2023-09-03,11.3,69.4,266.0
229,Cabernet Sauvignon,Barossa Valley,2.73,High,29.68,3.22,81.6,16.99,2023-08-25,6.9,61.2,768.5
230,Sauvignon Blanc,Bordeaux,2.21,Medium,18.19,3.22,116.71,12.85,2023-08-23,9.6,45.6,454.0
231,Syrah,Loire Valley,3.36,High,27.88,3.84,205.77,20.53,2023-09-05,10.0,53.1,205.6
232,Pinot Noir,Rioja,2.09,Medium,14.6,2.87,232.33,18.35,2023-09-07,8.5,66.5,465.4
233,Pinot Noir,Mendoza,2.17,Medium,14.26,4.06,123.61,15.38,2023-09-06,10.2,52.2,227.6
234,Pinot Noir,Napa Valley,2.13,Medium,10.62,3.99,67.32,23.67,2023-08-16,8.5,37.0,526.3
235,Pinot Noir,Sonoma,2.24,Medium,23.03,3.73,167.31,10.31,2023-08-07,9.0,45.1,403.1
236,Pinot Noir,Tuscany,1.73,Medium,17.37,3.63,120.26,14.74,2023-09-24,6.0,63.7,484.1
237,Syrah,Napa Valley,2.66,High,27.29,4.05,115.87,10.85,2023-08-11,10.2,55.8,567.9
238,Syrah,Rioja,2.89,High,19.46,3.06,337.96,21.5,2023-09-13,10.0,56.0,721.3
239,Merlot,Napa Valley,2.75,High,29.36,2.91,234.89,20.53,2023-09-30,6.2,64.7,597.1
240,Zinfandel,Bordeaux,1.83,Medium,13.71,3.14,217.06,14.97,2023-09-01,8.2,65.8,460.4
241,Chardonnay,Mendoza,3.6,Premium,27.37,3.91,174.73,20.13,2023-09-04,11.9,66.8,691.7
242,Riesling,Tuscany,2.58,High,25.53,2.85,178.68,15.94,2023-08-27,8.5,33.8,743.3
243,Pinot Noir,Loire Valley,3.15,High,25.42,3.62,212.27,21.34,2023-09-11,9.0,51.8,271.9
244,Cabernet Sauvignon,Loire Valley,3.21,High,26.9,4.19,258.93,16.81,2023-09-30,11.5,59.6,519.2
245,Riesling,Loire Valley,2.92,High,25.22,4.0,260.64,16.18,2023-09-25,10.3,60.3,370.7
246,Syrah,Rioja,3.13,High,22.52,3.53,101.51,24.02,2023-09-08,9.5,54.3,228.2
247,Cabernet Sauvignon,Barossa Valley,2.06,Medium,12.62,2.89,200.03,13.76,2023-08-11,10.8,36.7,601.1
248,Cabernet Sauvignon,Barossa Valley,1.91,Medium,10.65,3.96,173.59,11.81,2023-09-11,11.2,61.9,717.7
249,Cabernet Sauvignon,Sonoma,3.1,High,28.42,3.64,311.16,18.77,2023-08-20,8.7,58.8,297.7
250,Merlot,Tuscany,2.89,High,22.33,2.96,239.43,24.54,2023-08-26,8.9,33.4,687.4
251,Syrah,Loire Valley,2.57,High,25.93,2.93,209.75,15.67,2023-09-30,8.3,48.6,712.0
252,Cabernet Sauvignon,Barossa Valley,2.46,Medium,19.63,4.07,84.62,10.93,2023-08-02,11.8,37.0,748.6
253,Pinot Noir,Rioja,2.12,Medium,12.35,3.74,231.69,15.09,2023-08-12,10.2,43.5,359.2
254,Sauvignon Blanc,Sonoma,1.62,Medium,12.5,3.96,85.16,17.59,2023-09-11,6.5,30.7,742.4
255,Cabernet Sauvignon,Mendoza,2.72,High,23.71,4.03,151.16,12.43,2023-08-26,11.2,46.0,392.4
256,Merlot,Sonoma,2.63,High,18.61,3.6,92.85,19.87,2023-08-19,8.9,52.0,531.4
257,Riesling,Barossa Valley,2.1,Medium,14.01,3.52,257.62,24.97,2023-08-10,6.4,54.8,230.3
258,Syrah,Bordeaux,2.57,High,19.83,3.4,111.88,16.78,2023-08-24,9.3,56.5,226.3
259,Zinfandel,Rioja,1.78,Medium,11.28,3.24,167.56,15.32,2023-08-19,8.5,63.5,632.2
260,Merlot,Bordeaux,2.96,High,21.64,3.41,318.7,16.01,2023-09-14,11.3,38.6,466.7
261,Cabernet Sauvignon,Loire Valley,1.54,Medium,15.38,3.88,111.29,11.73,2023-09-15,7.2,34.8,353.8
262,Syrah,Bordeaux,3.56,Premium,25.95,3.64,202.34,23.25,2023-09-28,11.0,64.1,314.2
263,Sauvignon Blanc,Loire Valley,2.2,Medium,16.21,4.05,175.78,16.22,2023-08-06,9.3,36.3,602.0
264,Cabernet Sauvignon,Loire Valley,1.96,Medium,19.1,3.42,55.44,15.81,2023-09-17,6.3,69.0,200.2
265,Merlot,Barossa Valley,2.6,High,10.23,3.65,287.83,19.9,2023-08-08,11.8,63.7,683.5
266,Chardonnay,Bordeaux,2.0,Medium,11.45,3.68,70.71,16.63,2023-08-27,9.1,50.0,247.5
267,Pinot Noir,Loire Valley,2.37,Medium,17.85,3.63,192.28,19.72,2023-09-13,7.7,69.3,314.9
268,Zinfandel,Tuscany,2.03,Medium,19.6,3.78,218.2,10.92,2023-09-10,8.8,33.9,431.7
269,Riesling,Mendoza,3.28,High,22.0,3.13,238.53,22.21,2023-09-14,11.1,42.1,490.9
270,Merlot,Sonoma,2.44,Medium,15.83,3.52,256.59,24.11,2023-08-10,7.8,55.5,413.0
271,Syrah,Sonoma,2.55,High,23.9,2.95,125.98,19.73,2023-08-05,7.2,44.0,392.4
272,Zinfandel,Barossa Valley,2.93,High,27.2,3.34,52.99,24.32,2023-09-21,6.8,67.1,778.3
273,Zinfandel,Bordeaux,2.38,Medium,25.6,3.48,267.03,12.27,2023-08-25,7.8,32.6,584.9
274,Zinfandel,Bordeaux,2.26,Medium,10.79,3.71,210.7,17.16,2023-08-25,10.7,52.0,214.1
275,Cabernet Sauvignon,Loire Valley,2.49,Medium,19.61,4.13,300.84,19.03,2023-08-28,8.8,53.6,458.1
276,Pinot Noir,Rioja,1.91,Medium,12.1,3.64,296.42,18.73,2023-09-03,7.4,56.1,725.0
277,Cabernet Sauvignon,Napa Valley,1.77,Medium,14.84,3.84,303.0,16.02,2023-09-15,7.0,40.2,380.9
278,Syrah,Loire Valley,2.85,High,29.73,3.51,195.53,15.07,2023-08-18,8.0,44.6,256.7
279,Cabernet Sauvignon,Mendoza,2.18,Medium,12.85,3.69,150.09,11.9,2023-09-27,11.6,63.7,655.0
280,Chardonnay,Tuscany,2.19,Medium,19.98,2.9,287.47,15.88,2023-09-07,8.1,37.8,563.6
281,Pinot Noir,Sonoma,2.8,High,22.36,3.16,185.39,12.44,2023-09-22,11.9,63.1,542.2
282,Pinot Noir,Loire Valley,3.01,High,24.05,3.31,105.03,21.02,2023-08-23,8.9,52.5,232.1
283,Syrah,Napa Valley,2.05,Medium,21.19,3.46,306.49,13.13,2023-09-15,7.1,60.5,284.3
284,Riesling,Napa Valley,1.79,Medium,10.2,2.86,314.77,10.88,2023-09-24,11.3,58.5,573.5
285,Chardonnay,Loire Valley,2.29,Medium,16.53,3.0,189.89,18.29,2023-09-07,8.8,38.3,324.7
286,Merlot,Barossa Valley,2.86,High,20.35,3.19,72.71,18.93,2023-09-01,10.3,52.8,502.4
287,Cabernet Sauvignon,Sonoma,2.72,High,11.76,4.16,166.35,23.08,2023-09-27,11.9,64.7,526.9
288,Sauvignon Blanc,Barossa Valley,1.99,Medium,17.01,3.26,291.06,18.65,2023-08-27,6.3,47.3,370.1
289,Cabernet Sauvignon,Tuscany,1.48,Low,10.66,3.47,320.53,15.18,2023-09-28,6.6,68.7,769.1
290,Zinfandel,Napa Valley,2.5,Medium,11.57,3.07,111.04,22.05,2023-09-03,10.3,48.1,705.5
291,Cabernet Sauvignon,Napa Valley,2.26,Medium,17.94,3.66,70.09,18.1,2023-08-02,7.7,35.7,633.4
292,Merlot,Mendoza,1.34,Low,12.65,3.19,313.21,11.19,2023-08-09,7.1,45.6,246.8
293,Cabernet Sauvignon,Tuscany,2.18,Medium,21.35,3.09,166.82,18.49,2023-08-28,6.2,68.1,263.7
294,Chardonnay,Napa Valley,2.64,High,23.79,3.52,212.53,23.62,2023-08-17,6.1,42.8,495.7
295,Chardonnay,Tuscany,2.95,High,26.01,2.81,340.42,15.94,2023-08-04,10.6,64.7,296.4
296,Pinot Noir,Sonoma,1.5,Low,14.0,2.81,69.97,14.44,2023-08-05,6.8,65.3,787.0
297,Syrah,Bordeaux,1.71,Medium,13.35,3.11,244.5,12.15,2023-08-05,8.8,44.0,295.1
298,Riesling,Napa Valley,1.71,Medium,12.09,2.85,72.23,12.27,2023-09-26,9.6,33.3,492.5
299,Sauvignon Blanc,Mendoza,2.49,Medium,22.73,2.95,162.64,16.49,2023-09-05,8.6,59.0,418.5
300,Zinfandel,Sonoma,2.42,Medium,24.13,3.27,291.14,18.94,2023-09-18,6.2,42.5,583.6
301,Cabernet Sauvignon,Loire Valley,1.8,Medium,10.63,3.92,180.04,11.21,2023-09-18,10.7,61.3,277.4
302,Cabernet Sauvignon,Tuscany,2.91,High,28.72,3.6,349.15,24.09,2023-08-10,6.1,47.7,458.2
303,Merlot,Loire Valley,2.58,High,11.04,3.52,217.72,21.33,2023-09-08,10.6,49.4,364.8
304,Syrah,Barossa Valley,3.06,High,20.83,3.21,146.35,18.8,2023-08-26,11.4,61.1,732.7
305,Chardonnay,Sonoma,2.93,High,24.18,4.1,116.03,22.43,2023-09-22,8.6,45.3,224.4
306,Sauvignon Blanc,Loire Valley,2.62,High,27.42,3.36,155.16,11.2,2023-08-21,9.2,47.7,748.2
307,Pinot Noir,Rioja,2.67,High,24.28,2.92,161.76,17.15,2023-09-20,8.9,45.0,699.8
308,Chardonnay,Rioja,2.94,High,26.03,3.66,70.61,19.45,2023-08-20,8.3,44.7,378.5
309,Zinfandel,Napa Valley,2.96,High,16.79,2.96,160.87,22.43,2023-09-27,11.3,51.0,673.6
310,Syrah,Tuscany,3.61,Premium,26.3,3.28,189.27,21.75,2023-09-03,11.4,62.4,218.7
311,Zinfandel,Bordeaux,1.7,Medium,11.6,3.51,266.82,14.16,2023-09-21,8.0,44.5,780.1
312,Riesling,Sonoma,3.36,High,27.9,4.02,247.02,24.11,2023-08-20,9.7,51.0,516.0
313,Pinot Noir,Napa Valley,2.71,High,20.95,3.49,262.63,11.87,2023-09-13,11.6,56.8,382.0
314,Riesling,Mendoza,3.68,Premium,26.35,3.78,52.51,23.13,2023-09-11,11.8,40.8,417.5
315,Merlot,Barossa Valley,2.69,High,19.05,4.19,115.3,24.56,2023-08-27,9.1,41.1,239.8
316,Zinfandel,Tuscany,2.27,Medium,22.87,2.98,248.51,12.66,2023-08-25,8.7,67.3,793.6
317,Merlot,Sonoma,2.56,High,20.53,3.18,195.2,20.83,2023-09-27,7.7,58.9,223.6
318,Cabernet Sauvignon,Rioja,2.85,High,24.63,3.35,51.59,10.6,2023-09-16,11.8,53.1,592.9
319,Riesling,Sonoma,1.63,Medium,11.63,3.39,291.35,16.08,2023-09-20,6.9,55.9,465.6
320,Syrah,Bordeaux,2.14,Medium,11.21,3.38,281.84,17.74,2023-08-30,9.5,31.2,769.3
321,Zinfandel,Rioja,2.02,Medium,14.94,4.07,214.53,18.71,2023-08-16,7.7,54.7,347.6
322,Sauvignon Blanc,Bordeaux,2.2,Medium,13.19,3.8,69.94,24.04,2023-08-30,7.7,50.4,519.3
323,Pinot Noir,Mendoza,3.08,High,27.44,3.65,279.95,20.08,2023-08-11,8.4,51.8,489.4
324,Chardonnay,Barossa Valley,2.68,High,14.38,3.23,225.11,17.22,2023-09-28,12.0,44.4,621.7
325,Syrah,Mendoza,2.91,High,29.52,3.95,284.59,22.15,2023-08-20,6.3,33.3,240.8
326,Syrah,Napa Valley,2.63,High,16.74,4.14,275.52,24.26,2023-09-08,9.5,37.7,316.3
327,Merlot,Napa Valley,1.21,Low,13.64,3.95,290.9,10.33,2023-08-05,6.5,68.0,328.7
328,Riesling,Mendoza,2.72,High,25.79,2.8,205.4,24.74,2023-08-04,6.9,46.3,642.9
329,Zinfandel,Barossa Valley,2.26,Medium,23.17,3.69,92.1,11.29,2023-08-17,8.6,48.7,313.5
330,Zinfandel,Mendoza,2.76,High,19.96,2.87,251.35,22.22,2023-08-26,9.1,32.1,544.1
331,Cabernet Sauvignon,Barossa Valley,2.13,Medium,21.11,3.16,236.14,14.21,2023-09-21,7.6,31.5,329.1
332,Cabernet Sauvignon,Barossa Valley,2.16,Medium,24.38,2.88,272.68,11.98,2023-09-13,7.9,58.7,717.0
333,Pinot Noir,Loire Valley,1.76,Medium,14.57,3.65,100.96,16.6,2023-08-22,6.5,51.5,765.3
334,Merlot,Rioja,3.07,High,29.93,3.76,108.49,19.66,2023-08-01,7.8,50.3,511.1
335,Syrah,Tuscany,3.38,High,29.5,2.96,317.12,15.71,2023-09-14,11.8,39.7,411.4
336,Zinfandel,Barossa Valley,2.75,High,23.01,3.34,274.99,10.82,2023-09-21,11.7,59.8,340.4
337,Sauvignon Blanc,Bordeaux,2.16,Medium,13.99,3.44,322.47,18.99,2023-09-16,8.0,36.7,229.9
338,Merlot,Barossa Valley,3.14,High,23.6,3.32,277.61,23.54,2023-08-22,9.4,37.6,361.1
339,Pinot Noir,Barossa Valley,2.25,Medium,11.44,2.97,229.15,15.75,2023-08-16,11.5,48.4,592.5
340,Pinot Noir,Barossa Valley,1.23,Low,10.61,3.39,246.24,13.24,2023-09-24,6.0,41.5,520.2
341,Merlot,Loire Valley,2.48,Medium,15.15,3.85,316.74,16.64,2023-09-20,10.9,39.9,766.4
342,Pinot Noir,Rioja,2.4,Medium,19.25,2.9,223.64,10.73,2023-09-11,11.7,55.8,437.8
343,Merlot,Loire Valley,2.78,High,27.37,2.91,239.72,22.31,2023-09-12,6.5,56.0,616.3
344,Chardonnay,Napa Valley,2.79,High,24.54,3.3,96.94,22.4,2023-09-11,7.0,63.0,493.6
345,Merlot,Loire Valley,3.29,High,24.85,4.12,192.18,18.82,2023-09-30,11.8,46.7,507.5
346,Riesling,Bordeaux,2.34,Medium,18.51,3.74,264.92,15.3,2023-09-06,9.2,32.9,360.7
347,Merlot,Bordeaux,2.17,Medium,16.92,3.75,131.28,22.0,2023-08-26,6.1,40.9,473.0
348,Pinot Noir,Loire Valley,2.2,Medium,17.42,3.31,110.68,18.32,2023-08-22,7.5,69.2,482.5
349,Zinfandel,Rioja,3.4,High,29.75,3.63,144.15,22.39,2023-09-05,8.7,53.9,624.0
350,Riesling,Mendoza,2.21,Medium,10.8,2.81,122.45,19.47,2023-09-04,10.2,58.4,764.4
351,Pinot Noir,Tuscany,3.51,Premium,27.34,3.69,114.47,21.77,2023-08-04,10.4,30.3,397.6
352,Cabernet Sauvignon,Rioja,3.15,High,21.57,4.08,177.46,18.98,2023-09-25,12.0,50.7,225.3
353,Cabernet Sauvignon,Loire Valley,2.18,Medium,18.77,3.66,322.35,16.21,2023-08-27,7.7,31.5,497.8
354,Zinfandel,Barossa Valley,3.07,High,24.51,4.02,202.12,24.37,2023-08-07,9.2,52.8,526.7
355,Zinfandel,Sonoma,2.58,High,19.73,3.81,106.38,18.12,2023-08-30,9.2,66.8,301.1
356,Riesling,Tuscany,2.92,High,27.47,2.97,73.09,19.08,2023-08-20,8.4,68.7,656.3
357,Chardonnay,Tuscany,2.33,Medium,28.01,4.06,258.85,13.31,2023-09-29,7.0,51.6,791.0
358,Zinfandel,Bordeaux,2.96,High,18.43,2.89,164.84,19.38,2023-09-20,11.9,48.3,767.5
359,Cabernet Sauvignon,Tuscany,2.74,High,15.54,3.55,296.55,18.57,2023-09-18,11.1,67.8,318.3
360,Merlot,Loire Valley,2.27,Medium,21.85,3.0,247.85,12.77,2023-09-21,9.0,56.9,725.2
361,Pinot Noir,Barossa Valley,2.58,High,28.25,2.82,288.87,10.89,2023-08-11,9.6,32.6,622.7
362,Cabernet Sauvignon,Barossa Valley,2.06,Medium,14.21,3.39,131.58,19.07,2023-08-30,7.4,48.6,472.3
363,Cabernet Sauvignon,Napa Valley,2.99,High,22.46,3.21,257.71,21.46,2023-09-11,9.3,39.6,524.4
364,Chardonnay,Barossa Valley,2.98,High,22.63,3.48,129.22,17.85,2023-08-29,10.2,48.8,709.8
365,Riesling,Rioja,2.6,High,24.66,3.61,331.72,13.4,2023-09-29,9.1,48.2,488.1
366,Riesling,Barossa Valley,2.65,High,12.63,2.86,240.91,20.0,2023-09-08,11.9,53.3,423.9
367,Syrah,Bordeaux,2.42,Medium,24.32,2.97,147.35,11.2,2023-08-24,9.7,44.3,495.9
368,Chardonnay,Barossa Valley,2.88,High,28.18,3.58,130.85,16.63,2023-08-05,8.2,36.6,547.5
369,Merlot,Napa Valley,2.09,Medium,13.59,3.28,107.28,12.45,2023-09-05,10.6,50.1,313.4
370,Riesling,Sonoma,1.56,Medium,14.75,3.82,258.39,12.77,2023-08-22,7.0,63.2,740.5
371,Pinot Noir,Loire Valley,2.7,High,29.43,3.71,115.61,13.03,2023-09-12,8.3,56.6,604.5
372,Zinfandel,Bordeaux,1.83,Medium,13.62,3.98,228.59,15.8,2023-08-29,8.1,43.5,580.0
373,Chardonnay,Rioja,2.44,Medium,27.09,3.77,129.39,10.77,2023-08-12,8.6,67.4,259.7
374,Zinfandel,Sonoma,2.75,High,19.85,3.4,248.59,15.97,2023-09-20,10.7,66.5,562.5
375,Cabernet Sauvignon,Bordeaux,2.23,Medium,14.94,3.74,294.48,17.68,2023-08-29,8.9,38.4,272.6
376,Pinot Noir,Mendoza,3.25,High,27.41,3.19,283.41,17.25,2023-09-22,10.8,31.6,247.2
377,Pinot Noir,Tuscany,2.43,Medium,18.91,3.23,278.26,15.74,2023-08-14,9.5,59.7,516.4
378,Cabernet Sauvignon,Mendoza,2.67,High,20.3,3.9,106.32,22.59,2023-08-14,8.1,63.1,441.7
379,Chardonnay,Barossa Valley,2.37,Medium,17.18,3.42,76.52,12.18,2023-08-21,10.9,68.7,553.3
380,Cabernet Sauvignon,Sonoma,2.35,Medium,21.86,3.92,259.68,17.59,2023-08-20,7.4,65.6,253.5
381,Zinfandel,Barossa Valley,1.36,Low,13.27,3.95,160.5,10.93,2023-08-04,7.3,54.0,458.6
382,Syrah,Tuscany,1.92,Medium,17.82,4.0,179.7,11.07,2023-08-04,9.0,51.2,304.9
383,Pinot Noir,Bordeaux,2.86,High,29.39,4.08,59.34,18.61,2023-09-27,7.6,31.1,792.3
384,Sauvignon Blanc,Tuscany,1.87,Medium,15.16,3.4,127.87,18.49,2023-09-11,6.1,39.9,536.7
385,Sauvignon Blanc,Napa Valley,3.18,High,23.13,3.25,60.1,23.17,2023-09-26,9.9,48.4,612.5
386,Zinfandel,Tuscany,2.43,Medium,16.5,3.62,313.76,18.37,2023-08-06,9.1,55.1,395.3
387,Merlot,Napa Valley,3.13,High,25.47,3.32,123.02,24.4,2023-09-05,8.7,52.3,256.8
388,Riesling,Tuscany,2.14,Medium,12.62,3.64,217.2,10.73,2023-09-15,11.8,59.7,785.5
389,Cabernet Sauvignon,Loire Valley,2.76,High,29.4,3.79,61.69,11.47,2023-08-02,9.4,41.2,371.8
390,Cabernet Sauvignon,Napa Valley,2.39,Medium,19.08,3.76,250.05,10.66,2023-08-17,11.2,52.6,454.3
391,Merlot,Sonoma,1.56,Medium,14.72,3.32,146.91,12.78,2023-09-29,6.8,33.5,589.9
392,Merlot,Barossa Valley,2.08,Medium,11.47,3.03,319.38,18.12,2023-08-16,9.4,46.5,214.8
393,Zinfandel,Rioja,2.69,High,13.4,3.4,316.44,19.68,2023-08-24,11.2,60.0,686.2
394,Zinfandel,Barossa Valley,2.13,Medium,20.4,3.0,147.59,10.68,2023-09-07,9.5,57.7,521.9
395,Merlot,Mendoza,2.78,High,16.74,4.05,320.29,24.19,2023-09-05,10.3,69.6,366.9
396,Pinot Noir,Barossa Valley,3.11,High,26.58,3.28,348.85,22.63,2023-08-22,8.2,41.1,237.0
397,Zinfandel,Bordeaux,1.79,Medium,18.62,3.02,297.62,14.45,2023-09-26,6.6,49.9,297.5
398,Syrah,Loire Valley,1.66,Medium,14.97,2.84,303.46,11.16,2023-08-20,8.7,43.2,737.0
399,Zinfandel,Tuscany,2.26,Medium,22.34,3.7,124.7,12.55,2023-09-12,8.4,47.6,611.6
400,Cabernet Sauvignon,Mendoza,2.79,High,24.14,3.69,223.01,11.9,2023-08-03,11.2,64.3,349.9
401,Zinfandel,Bordeaux,1.52,Medium,13.34,3.28,70.18,11.85,2023-09-25,7.5,57.4,239.4
402,Pinot Noir,Bordeaux,2.54,High,13.35,2.9,78.48,17.78,2023-09-13,11.8,65.3,614.4
403,Merlot,Napa Valley,2.21,Medium,10.73,3.37,349.67,13.69,2023-08-04,11.7,38.1,543.4
404,Cabernet Sauvignon,Barossa Valley,2.43,Medium,24.73,3.24,147.99,15.37,2023-09-10,7.5,64.9,442.7
405,Zinfandel,Sonoma,2.88,High,23.28,3.75,274.46,24.84,2023-08-04,8.1,32.4,418.2
406,Pinot Noir,Rioja,3.12,High,19.49,3.65,292.0,20.26,2023-09-09,11.4,65.5,330.1
407,Syrah,Sonoma,3.73,Premium,26.88,3.31,307.41,24.23,2023-08-11,11.8,43.2,601.8
408,Zinfandel,Mendoza,2.46,Medium,26.11,3.11,349.29,12.14,2023-09-10,8.7,42.6,782.4
409,Pinot Noir,Loire Valley,2.23,Medium,21.71,4.18,122.45,15.73,2023-08-04,7.9,50.5,305.4
410,Syrah,Sonoma,3.12,High,27.37,3.44,62.11,18.32,2023-09-23,9.2,67.6,558.3
411,Merlot,Tuscany,1.94,Medium,14.12,3.76,173.36,11.15,2023-08-06,10.1,31.9,454.5
412,Zinfandel,Sonoma,1.28,Low,12.24,3.0,89.02,10.06,2023-08-28,7.6,44.1,468.0
413,Syrah,Mendoza,2.72,High,15.39,3.48,56.73,20.06,2023-09-04,10.4,64.3,352.5
414,Cabernet Sauvignon,Rioja,1.6,Medium,11.14,2.84,158.13,19.63,2023-09-09,6.3,45.8,695.1
415,Merlot,Sonoma,2.1,Medium,20.62,3.51,285.12,16.16,2023-08-04,6.3,38.0,491.2
416,Cabernet Sauvignon,Tuscany,2.83,High,28.73,4.15,219.85,17.34,2023-08-08,8.3,47.0,526.0
417,Sauvignon Blanc,Napa Valley,1.77,Medium,10.79,3.34,143.83,16.23,2023-09-02,8.1,45.4,382.9
418,Chardonnay,Loire Valley,1.32,Low,12.44,2.85,246.3,10.36,2023-08-23,7.9,66.6,309.1
419,Zinfandel,Mendoza,2.2,Medium,19.04,2.84,119.61,15.03,2023-09-16,8.9,60.5,251.5
420,Syrah,Napa Valley,2.57,High,28.68,3.34,54.31,12.66,2023-09-06,7.9,50.2,628.5
421,Chardonnay,Napa Valley,1.56,Medium,16.32,3.02,279.31,11.48,2023-09-19,7.2,69.5,317.7
422,Chardonnay,Napa Valley,2.56,High,20.14,2.83,237.12,24.35,2023-09-04,7.9,48.6,614.0
423,Syrah,Bordeaux,2.53,High,10.83,3.86,278.69,18.99,2023-08-18,11.8,32.3,434.2
424,Merlot,Loire Valley,2.31,Medium,12.97,3.44,61.68,20.93,2023-09-29,8.5,40.5,449.5
425,Zinfandel,Rioja,2.87,High,29.73,3.2,301.14,14.73,2023-09-16,8.7,47.4,481.5
426,Sauvignon Blanc,Barossa Valley,2.99,High,29.3,4.06,235.86,15.9,2023-08-02,9.5,36.3,420.6
427,Cabernet Sauvignon,Loire Valley,2.09,Medium,10.1,2.96,219.02,13.55,2023-08-20,11.9,67.9,260.4
428,Pinot Noir,Bordeaux,2.31,Medium,29.04,4.14,237.38,11.45,2023-09-13,7.4,60.7,385.8
429,Cabernet Sauvignon,Barossa Valley,2.56,High,22.78,3.24,309.33,12.69,2023-08-20,10.1,40.7,598.2
430,Pinot Noir,Loire Valley,3.42,High,27.36,4.04,226.08,21.96,2023-09-05,10.3,53.6,599.5
431,Cabernet Sauvignon,Napa Valley,2.79,High,19.09,3.64,224.29,20.16,2023-09-20,9.6,58.9,371.7
432,Syrah,Mendoza,2.13,Medium,20.31,3.96,347.2,18.2,2023-08-07,6.5,67.7,476.1
433,Sauvignon Blanc,Barossa Valley,2.58,High,19.78,4.18,277.02,17.13,2023-08-02,10.1,65.3,316.1
434,Zinfandel,Tuscany,2.59,High,23.34,3.2,182.69,23.84,2023-08-07,6.4,50.6,326.2
435,Pinot Noir,Tuscany,1.68,Medium,12.79,4.15,262.22,11.09,2023-09-19,9.6,61.0,213.8
436,Zinfandel,Sonoma,2.01,Medium,10.6,3.35,166.77,14.21,2023-09-14,10.4,52.5,738.0
437,Zinfandel,Barossa Valley,1.9,Medium,16.16,3.34,118.66,15.25,2023-09-29,7.3,52.1,326.4
438,Zinfandel,Mendoza,3.41,High,24.09,3.28,229.06,21.74,2023-09-10,11.0,34.6,336.5
439,Riesling,Rioja,2.06,Medium,14.04,3.56,328.45,24.89,2023-08-18,6.2,35.0,367.8
440,Merlot,Bordeaux,2.78,High,23.47,3.02,328.74,13.61,2023-09-27,11.1,51.2,276.4
441,Cabernet Sauvignon,Napa Valley,3.41,High,29.4,3.58,152.57,23.11,2023-09-17,8.8,40.8,583.6
442,Zinfandel,Sonoma,2.11,Medium,11.88,3.56,208.3,22.46,2023-09-10,7.3,30.8,245.1
443,Cabernet Sauvignon,Tuscany,2.07,Medium,23.45,3.87,113.49,13.37,2023-08-10,6.8,58.9,280.5
444,Zinfandel,Bordeaux,2.76,High,18.88,3.97,348.69,15.99,2023-08-18,11.7,31.3,586.9
445,Pinot Noir,Bordeaux,2.5,Medium,27.36,3.42,344.34,16.15,2023-08-24,6.4,53.8,403.8
446,Merlot,Napa Valley,2.14,Medium,13.54,3.22,244.85,24.67,2023-09-20,7.2,51.6,624.8
447,Merlot,Rioja,2.28,Medium,23.85,3.16,291.32,12.71,2023-08-09,8.1,68.8,534.5
448,Syrah,Rioja,3.31,High,26.76,3.07,264.53,21.99,2023-09-18,9.7,49.4,353.6
449,Riesling,Barossa Valley,2.86,High,28.89,2.88,227.95,15.01,2023-09-03,9.3,32.5,590.5
450,Syrah,Tuscany,2.63,High,23.66,3.28,66.0,20.96,2023-09-11,6.8,52.1,269.8
451,Syrah,Rioja,2.22,Medium,19.94,3.18,186.43,16.3,2023-09-03,7.7,63.6,521.8
452,Syrah,Mendoza,2.39,Medium,22.36,4.15,252.44,18.68,2023-09-26,7.4,69.9,462.3
453,Syrah,Rioja,3.04,High,27.38,3.58,253.26,22.49,2023-09-04,7.3,47.2,360.7
454,Syrah,Bordeaux,2.85,High,21.41,3.29,161.94,22.06,2023-08-19,8.5,42.8,562.4
455,Sauvignon Blanc,Napa Valley,2.51,High,10.61,3.61,332.51,23.0,2023-09-02,10.2,66.3,722.8
456,Merlot,Mendoza,2.27,Medium,28.62,2.99,100.21,10.89,2023-08-18,7.3,37.6,799.3
457,Syrah,Barossa Valley,2.87,High,23.79,3.42,200.11,20.38,2023-08-26,8.2,54.6,564.7
458,Zinfandel,Tuscany,2.29,Medium,23.53,3.68,257.27,12.1,2023-09-29,8.3,46.2,442.8
459,Merlot,Barossa Valley,2.65,High,14.31,3.48,259.14,16.24,2023-08-07,11.9,31.6,335.1
460,Merlot,Bordeaux,3.25,High,23.18,3.36,244.59,18.23,2023-08-24,11.7,43.9,354.3
461,Chardonnay,Mendoza,2.5,Medium,17.88,4.19,132.59,16.04,2023-08-03,10.8,40.6,487.7
462,Sauvignon Blanc,Mendoza,2.4,Medium,23.02,4.03,96.86,17.79,2023-08-10,7.4,57.4,420.4
463,Syrah,Mendoza,1.95,Medium,12.13,3.67,240.78,24.95,2023-08-02,6.4,68.0,748.3
464,Cabernet Sauvignon,Bordeaux,2.22,Medium,23.16,3.6,229.79,12.03,2023-08-31,7.9,40.7,421.0
465,Pinot Noir,Bordeaux,3.1,High,29.99,3.67,103.81,20.13,2023-08-03,7.6,62.5,424.1
466,Riesling,Barossa Valley,1.85,Medium,10.96,3.08,261.54,15.94,2023-09-28,9.0,32.2,430.1
467,Zinfandel,Sonoma,3.05,High,29.54,3.35,186.55,12.0,2023-08-01,10.7,51.5,702.0
468,Cabernet Sauvignon,Barossa Valley,2.34,Medium,18.14,2.86,250.33,12.38,2023-08-29,11.1,32.8,590.5
469,Sauvignon Blanc,Tuscany,3.69,Premium,27.42,3.47,301.21,24.24,2023-08-21,11.1,67.4,568.5
470,Pinot Noir,Napa Valley,3.09,High,25.65,3.56,100.92,23.19,2023-08-30,8.2,60.7,400.5
471,Sauvignon Blanc,Mendoza,3.07,High,21.34,3.12,55.74,23.61,2023-09-11,10.1,56.3,690.7
472,Zinfandel,Sonoma,2.84,High,24.77,4.15,283.73,24.87,2023-08-26,7.9,63.0,223.0
473,Merlot,Napa Valley,2.19,Medium,27.57,4.07,232.91,13.12,2023-09-30,6.4,55.9,722.5
474,Pinot Noir,Sonoma,2.46,Medium,18.08,3.81,259.89,15.33,2023-09-08,10.2,68.8,507.6
475,Merlot,Rioja,2.07,Medium,16.54,3.55,301.45,20.04,2023-09-17,6.1,58.6,439.0
476,Zinfandel,Rioja,2.57,High,23.35,4.02,290.84,17.26,2023-08-13,8.5,67.0,498.3
477,Cabernet Sauvignon,Loire Valley,2.59,High,26.16,2.98,338.28,16.28,2023-08-22,8.0,50.7,600.4
478,Zinfandel,Rioja,2.87,High,25.25,3.91,210.78,15.37,2023-08-27,10.2,34.7,207.7
479,Cabernet Sauvignon,Barossa Valley,3.19,High,25.96,2.97,196.55,18.91,2023-08-16,10.6,51.1,722.9
480,Pinot Noir,Rioja,2.3,Medium,18.71,3.91,170.57,18.63,2023-09-14,7.8,35.1,468.0
481,Pinot Noir,Bordeaux,2.88,High,26.36,3.19,96.11,12.42,2023-08-29,10.9,53.7,405.8
482,Syrah,Mendoza,1.78,Medium,12.4,4.03,221.78,17.08,2023-08-08,7.8,49.3,282.9
483,Sauvignon Blanc,Barossa Valley,2.5,Medium,20.89,4.12,133.1,18.3,2023-09-01,8.7,54.9,463.7
484,Syrah,Napa Valley,2.19,Medium,10.12,3.01,326.39,18.55,2023-09-11,10.4,30.4,497.8
485,Sauvignon Blanc,Loire Valley,2.29,Medium,16.49,3.45,224.96,13.15,2023-08-28,10.2,37.8,442.2
486,Syrah,Loire Valley,3.0,High,17.33,4.17,227.85,21.13,2023-09-08,11.9,49.7,607.2
487,Merlot,Loire Valley,1.73,Medium,17.92,3.48,156.48,10.38,2023-09-16,7.4,68.0,452.5
488,Pinot Noir,Napa Valley,2.73,High,23.91,4.01,65.6,15.32,2023-09-17,10.0,45.3,776.9
489,Cabernet Sauvignon,Napa Valley,2.83,High,17.77,3.62,59.52,21.7,2023-08-11,9.7,47.0,559.6
490,Sauvignon Blanc,Napa Valley,2.98,High,18.97,3.33,177.0,18.46,2023-08-26,11.5,58.6,684.5
491,Zinfandel,Napa Valley,1.62,Medium,14.75,3.2,75.37,13.92,2023-09-05,6.9,54.2,265.6
492,Sauvignon Blanc,Loire Valley,2.79,High,17.47,3.08,232.05,20.42,2023-08-07,10.5,42.0,438.4
493,Cabernet Sauvignon,Loire Valley,2.31,Medium,14.55,3.87,314.29,18.51,2023-08-25,9.4,46.4,402.1
494,Syrah,Sonoma,2.11,Medium,11.46,3.34,314.87,21.94,2023-08-10,7.6,38.7,541.7
495,Sauvignon Blanc,Barossa Valley,2.92,High,22.07,3.52,247.71,21.03,2023-09-22,8.8,68.6,716.7
496,Riesling,Mendoza,2.74,High,23.36,3.49,113.37,19.15,2023-09-11,8.0,35.2,247.0
497,Merlot,Rioja,2.79,High,22.39,3.61,308.9,17.32,2023-08-20,9.5,44.9,243.5
498,Pinot Noir,Rioja,2.45,Medium,19.27,4.01,315.83,12.0,2023-09-04,11.3,31.0,710.2
499,Cabernet Sauvignon,Bordeaux,2.12,Medium,17.6,4.17,109.0,13.92,2023-08-04,9.4,38.9,327.7
500,Pinot Noir,Loire Valley,3.06,High,27.27,3.37,271.23,16.29,2023-09-02,9.8,61.2,601.3
501,Riesling,Bordeaux,2.62,High,20.38,3.96,135.96,18.99,2023-09-11,9.1,38.0,525.7
502,Sauvignon Blanc,Barossa Valley,2.05,Medium,19.58,3.87,290.79,17.71,2023-08-13,6.3,33.2,699.7
503,Sauvignon Blanc,Barossa Valley,1.53,Medium,10.51,3.6,349.17,14.32,2023-09-28,7.4,49.0,275.1
504,Zinfandel,Bordeaux,1.76,Medium,16.82,4.14,59.01,10.1,2023-08-30,9.0,30.4,277.9
505,Riesling,Loire Valley,2.16,Medium,17.6,3.08,319.21,17.44,2023-09-25,7.9,33.4,534.1
506,Cabernet Sauvignon,Bordeaux,1.81,Medium,17.98,2.95,236.79,14.28,2023-09-08,7.1,62.3,767.8
507,Zinfandel,Rioja,2.81,High,21.6,4.0,342.01,21.02,2023-08-30,9.0,60.9,449.0
508,Merlot,Sonoma,1.96,Medium,20.67,3.41,189.5,10.36,2023-09-22,7.9,66.6,396.2
509,Zinfandel,Rioja,2.44,Medium,22.16,3.99,304.22,18.77,2023-09-07,7.5,64.2,564.0
510,Chardonnay,Tuscany,3.05,High,25.3,4.05,68.72,24.12,2023-08-24,8.8,57.3,758.3
511,Cabernet Sauvignon,Loire Valley,2.13,Medium,26.26,2.89,150.58,12.62,2023-09-30,6.8,32.1,702.2
512,Chardonnay,Loire Valley,3.13,High,24.36,4.04,70.1,17.07,2023-08-24,11.6,61.3,797.3
513,Riesling,Mendoza,3.09,High,29.11,3.43,342.6,11.37,2023-08-31,11.2,63.8,213.5
514,Syrah,Napa Valley,2.35,Medium,10.36,3.51,295.09,19.39,2023-08-31,10.2,62.0,267.7
515,Chardonnay,Tuscany,1.84,Medium,13.92,3.68,305.76,18.26,2023-08-02,6.6,50.3,565.7
516,Merlot,Barossa Valley,2.05,Medium,10.15,4.1,331.39,16.11,2023-08-22,10.7,39.3,692.3
517,Zinfandel,Loire Valley,2.93,High,22.95,2.83,75.53,17.82,2023-09-06,10.8,63.8,371.1
518,Syrah,Bordeaux,3.64,Premium,27.96,3.47,165.68,23.45,2023-09-17,10.6,59.1,343.5
519,Zinfandel,Tuscany,1.54,Medium,14.87,3.76,71.31,12.94,2023-08-25,6.7,69.2,672.2
520,Chardonnay,Mendoza,2.71,High,28.54,3.81,113.24,10.34,2023-08-13,9.9,36.2,233.8
521,Zinfandel,Barossa Valley,2.64,High,11.21,3.77,118.81,22.92,2023-09-13,11.0,39.0,421.6
522,Riesling,Napa Valley,3.15,High,28.69,2.99,190.73,18.66,2023-09-10,9.5,38.5,503.5
523,Syrah,Napa Valley,2.8,High,17.03,3.22,130.57,23.36,2023-09-30,9.9,61.7,536.2
524,Riesling,Mendoza,2.14,Medium,12.03,3.3,80.29,18.95,2023-09-23,8.8,37.5,637.2
525,Chardonnay,Mendoza,2.81,High,19.72,3.93,100.25,22.15,2023-08-22,9.2,32.7,412.9
526,Riesling,Bordeaux,1.69,Medium,15.14,3.19,94.18,16.45,2023-09-23,6.2,69.9,567.6
527,Merlot,Loire Valley,2.62,High,15.7,3.09,341.92,21.25,2023-08-06,9.8,31.0,551.2
528,Chardonnay,Napa Valley,2.09,Medium,16.15,4.14,277.79,23.7,2023-08-20,6.5,63.4,528.6
529,Chardonnay,Barossa Valley,2.8,High,26.06,2.81,340.33,18.58,2023-09-29,8.6,44.6,584.3
530,Chardonnay,Tuscany,1.95,Medium,20.78,4.2,181.92,12.71,2023-09-19,7.8,63.7,355.7
531,Cabernet Sauvignon,Barossa Valley,2.13,Medium,16.23,3.75,133.51,14.03,2023-08-04,9.3,52.2,250.8
532,Zinfandel,Sonoma,1.95,Medium,22.21,3.96,289.49,12.98,2023-08-10,6.8,66.1,271.6
533,Cabernet Sauvignon,Sonoma,2.72,High,24.32,3.21,147.88,13.7,2023-08-10,10.1,67.0,334.7
534,Cabernet Sauvignon,Mendoza,2.26,Medium,15.45,2.82,139.82,14.6,2023-08-11,10.8,30.4,500.1
535,Merlot,Bordeaux,2.14,Medium,18.27,3.83,119.75,18.33,2023-09-05,7.0,33.0,704.3
536,Syrah,Sonoma,1.72,Medium,12.44,3.97,88.9,18.82,2023-08-20,6.6,40.0,620.8
537,Zinfandel,Napa Valley,1.71,Medium,13.62,3.84,126.94,16.4,2023-08-21,6.9,56.8,673.4
538,Riesling,Barossa Valley,3.19,High,23.62,3.0,156.6,19.23,2023-08-18,11.3,65.5,410.6
539,Sauvignon Blanc,Barossa Valley,1.74,Medium,13.63,3.85,252.2,11.22,2023-09-18,9.2,48.4,442.8
540,Chardonnay,Mendoza,2.09,Medium,20.5,3.88,68.77,11.32,2023-08-17,8.8,54.3,436.2
541,Riesling,Loire Valley,2.07,Medium,24.18,3.72,113.15,12.58,2023-08-11,6.6,37.5,315.1
542,Chardonnay,Loire Valley,2.2,Medium,12.14,3.87,292.71,17.77,2023-09-11,9.9,62.2,236.7
543,Merlot,Tuscany,2.64,High,21.35,3.98,94.08,13.21,2023-09-28,11.2,68.7,554.5
544,Chardonnay,Mendoza,2.38,Medium,15.13,3.66,152.79,14.25,2023-08-09,11.0,40.7,793.5
545,Cabernet Sauvignon,Rioja,3.04,High,29.26,2.92,309.4,16.0,2023-08-16,9.8,49.8,300.1
546,Zinfandel,Tuscany,2.46,Medium,19.67,3.48,96.48,22.18,2023-08-12,6.5,33.4,228.0
547,Sauvignon Blanc,Rioja,1.95,Medium,26.12,2.91,74.82,10.21,2023-08-04,6.7,52.4,667.7
548,Pinot Noir,Loire Valley,2.33,Medium,21.0,3.37,195.36,19.74,2023-09-24,6.3,50.1,351.6
549,Chardonnay,Mendoza,1.94,Medium,10.87,3.37,140.73,20.03,2023-09-04,7.5,35.8,697.8
550,Riesling,Rioja,2.54,High,22.66,2.89,219.02,21.98,2023-09-26,6.8,47.7,622.4
551,Cabernet Sauvignon,Mendoza,3.16,High,29.03,3.29,291.14,23.99,2023-09-26,7.6,43.4,767.4
552,Pinot Noir,Mendoza,1.99,Medium,22.03,2.96,91.14,10.3,2023-08-27,8.3,50.9,445.4
553,Sauvignon Blanc,Loire Valley,2.98,High,26.38,3.93,224.21,12.31,2023-09-08,11.7,53.4,597.2
554,Pinot Noir,Tuscany,3.32,High,27.68,4.13,201.65,23.29,2023-09-24,9.7,30.3,478.9
555,Cabernet Sauvignon,Tuscany,2.42,Medium,14.56,2.9,93.22,16.88,2023-08-30,11.0,60.4,578.4
556,Zinfandel,Mendoza,2.38,Medium,14.24,4.14,237.2,18.47,2023-08-06,10.3,58.5,469.8
557,Zinfandel,Sonoma,2.51,High,22.22,3.53,132.09,19.95,2023-08-28,6.7,44.7,313.2
558,Syrah,Bordeaux,2.84,High,18.22,3.22,196.35,20.19,2023-08-06,10.4,32.1,504.7
559,Zinfandel,Loire Valley,2.94,High,26.8,2.91,74.68,23.98,2023-08-21,7.7,60.2,517.2
560,Syrah,Bordeaux,3.51,Premium,28.0,3.5,187.88,24.95,2023-09-17,9.8,68.2,686.4
561,Pinot Noir,Bordeaux,2.38,Medium,17.07,3.91,141.94,20.8,2023-08-26,8.0,39.6,641.3
562,Merlot,Tuscany,2.5,Medium,14.74,3.79,296.71,14.31,2023-09-19,12.0,42.9,598.3
563,Riesling,Tuscany,2.85,High,25.61,2.87,67.09,23.2,2023-08-12,7.6,37.4,268.0
564,Riesling,Sonoma,1.51,Medium,15.5,2.9,175.58,10.74,2023-09-09,7.7,53.1,632.4
565,Pinot Noir,Bordeaux,3.12,High,26.45,3.36,187.53,13.47,2023-08-03,11.6,36.2,500.2
566,Chardonnay,Bordeaux,2.25,Medium,18.47,3.21,267.5,23.46,2023-09-23,6.1,44.2,736.5
567,Chardonnay,Mendoza,2.66,High,23.35,3.13,222.29,13.84,2023-08-04,10.2,57.9,751.9
568,Zinfandel,Tuscany,1.99,Medium,11.91,3.19,250.16,13.31,2023-09-05,10.4,52.4,233.1
569,Riesling,Bordeaux,2.62,High,22.48,3.92,283.11,12.07,2023-09-11,11.0,45.5,692.4
570,Riesling,Barossa Valley,3.16,High,19.04,4.1,308.66,22.89,2023-08-23,11.8,46.8,222.6
571,Syrah,Sonoma,3.15,High,21.73,3.37,144.16,17.5,2023-08-13,11.9,52.5,420.3
572,Merlot,Rioja,1.8,Medium,13.36,4.07,211.41,20.12,2023-09-28,6.4,30.2,525.4
573,Cabernet Sauvignon,Barossa Valley,2.88,High,24.74,3.25,302.03,13.59,2023-09-12,10.9,33.1,288.9
574,Chardonnay,Barossa Valley,3.44,High,27.26,3.47,346.84,21.37,2023-08-04,9.9,65.3,647.8
575,Riesling,Rioja,2.57,High,14.33,3.12,316.86,21.4,2023-09-24,9.9,33.1,205.0
576,Syrah,Loire Valley,1.51,Medium,11.91,3.7,161.44,14.69,2023-09-07,6.8,58.3,301.2
577,Sauvignon Blanc,Loire Valley,1.92,Medium,10.47,4.17,108.55,16.16,2023-09-17,9.9,66.8,548.5
578,Syrah,Sonoma,2.93,High,22.84,3.64,196.82,13.15,2023-09-15,11.9,40.8,628.6
579,Chardonnay,Barossa Valley,3.4,High,22.14,3.3,272.49,24.65,2023-09-16,11.5,44.8,750.0
580,Chardonnay,Bordeaux,2.68,High,20.93,3.71,197.77,19.68,2023-09-01,8.6,52.8,623.3
581,Syrah,Tuscany,1.98,Medium,14.64,2.97,194.95,24.02,2023-09-19,6.2,65.3,603.1
582,Cabernet Sauvignon,Sonoma,2.0,Medium,17.82,4.04,301.47,14.55,2023-09-14,8.2,67.7,436.6
583,Pinot Noir,Mendoza,3.33,High,21.89,3.5,158.42,21.73,2023-08-31,11.0,59.6,200.8
584,Chardonnay,Rioja,3.04,High,19.94,3.43,307.94,21.49,2023-08-07,10.2,33.5,272.1
585,Syrah,Barossa Valley,3.31,High,29.76,3.62,172.04,20.37,2023-08-06,8.8,56.8,520.7
586,Riesling,Sonoma,1.97,Medium,12.73,3.67,148.47,24.48,2023-08-22,6.3,46.4,605.1
587,Syrah,Napa Valley,2.51,High,23.9,2.9,186.2,15.9,2023-08-01,8.6,48.8,450.5
588,Merlot,Napa Valley,2.02,Medium,18.09,3.76,278.73,11.96,2023-08-31,8.8,32.0,638.4
589,Pinot Noir,Loire Valley,3.03,High,18.56,3.14,87.8,20.08,2023-09-12,11.6,37.6,513.1
590,Sauvignon Blanc,Rioja,3.15,High,24.35,3.8,108.93,20.94,2023-09-19,9.8,61.6,244.5
591,Cabernet Sauvignon,Tuscany,2.61,High,23.85,3.95,335.43,18.63,2023-09-26,7.9,48.2,315.2
592,Zinfandel,Bordeaux,2.82,High,29.83,3.93,102.65,13.1,2023-09-15,9.2,42.1,704.0
593,Sauvignon Blanc,Tuscany,1.71,Medium,12.57,3.57,220.32,17.57,2023-09-06,6.4,45.4,634.9
594,Pinot Noir,Tuscany,2.4,Medium,12.08,3.53,223.79,14.68,2023-09-20,11.8,64.2,736.9
595,Pinot Noir,Tuscany,2.54,High,24.49,3.0,196.89,16.41,2023-08-24,8.2,60.0,270.5
596,Pinot Noir,Rioja,2.73,High,21.57,3.89,243.42,19.68,2023-09-15,8.9,40.9,794.1
597,Sauvignon Blanc,Tuscany,2.34,Medium,15.48,3.18,118.95,21.18,2023-09-13,8.1,34.7,325.6
598,Riesling,Mendoza,2.01,Medium,11.59,3.5,215.8,13.48,2023-08-16,10.1,40.1,207.1
599,Pinot Noir,Rioja,2.1,Medium,11.71,3.2,161.65,16.08,2023-09-26,10.0,66.8,798.5
600,Syrah,Mendoza,2.93,High,27.88,2.99,248.5,14.04,2023-09-28,10.3,53.3,368.6
601,Sauvignon Blanc,Rioja,1.65,Medium,13.84,3.68,92.37,12.98,2023-08-29,7.6,51.3,600.8
602,Zinfandel,Loire Valley,2.33,Medium,16.47,2.88,221.26,21.75,2023-09-10,7.9,53.9,306.0
603,Pinot Noir,Sonoma,2.12,Medium,14.53,3.85,105.58,23.64,2023-09-25,6.8,44.6,548.1
604,Syrah,Napa Valley,2.38,Medium,17.1,3.24,133.59,15.55,2023-08-07,9.9,62.3,742.4
605,Riesling,Tuscany,1.69,Medium,11.39,2.8,115.61,21.27,2023-08-09,6.2,50.9,392.1
606,Merlot,Loire Valley,3.02,High,20.38,3.52,104.85,23.45,2023-09-02,9.6,34.7,602.2
607,Riesling,Sonoma,2.59,High,11.35,2.87,297.71,22.69,2023-09-27,11.2,35.2,312.7
608,Zinfandel,Napa Valley,2.95,High,26.01,3.19,135.71,12.74,2023-08-13,11.3,51.5,574.9
609,Pinot Noir,Barossa Valley,2.46,Medium,14.67,3.79,328.14,24.34,2023-09-01,8.7,67.5,401.9
610,Zinfandel,Bordeaux,2.34,Medium,20.8,2.89,340.98,15.65,2023-08-28,8.8,42.3,326.7
611,Sauvignon Blanc,Mendoza,2.36,Medium,27.6,3.98,221.38,15.09,2023-09-04,6.5,64.8,387.9
612,Chardonnay,Barossa Valley,2.34,Medium,23.02,2.81,92.9,10.94,2023-09-11,10.0,60.6,307.3
613,Pinot Noir,Rioja,2.85,High,20.66,3.15,162.36,17.29,2023-09-30,10.9,39.9,741.1
614,Chardonnay,Napa Valley,1.66,Medium,16.49,3.84,289.32,11.64,2023-08-15,7.5,31.5,438.3
615,Syrah,Barossa Valley,2.0,Medium,16.66,3.24,160.22,13.73,2023-08-19,8.5,34.1,347.2
616,Merlot,Bordeaux,2.81,High,23.39,2.94,76.11,14.75,2023-08-16,11.0,59.1,469.0
617,Cabernet Sauvignon,Loire Valley,3.83,Premium,29.88,3.3,217.04,22.13,2023-08-22,11.3,38.0,392.3
618,Zinfandel,Napa Valley,2.76,High,23.24,3.18,303.54,23.13,2023-08-08,7.5,44.9,646.7
619,Riesling,Barossa Valley,2.4,Medium,21.16,3.98,288.78,14.54,2023-08-18,9.3,50.1,782.7
620,Merlot,Mendoza,2.81,High,24.61,3.24,102.54,22.88,2023-08-05,7.2,59.0,462.8
621,Pinot Noir,Mendoza,2.36,Medium,19.3,3.9,251.83,22.86,2023-09-06,6.6,34.5,716.6
622,Chardonnay,Sonoma,2.62,High,11.2,4.05,116.15,21.47,2023-09-09,11.5,46.3,539.5
623,Riesling,Barossa Valley,2.62,High,21.25,3.41,115.46,12.2,2023-09-30,10.9,49.4,294.3
624,Chardonnay,Tuscany,3.46,High,29.15,4.07,312.22,20.35,2023-09-04,10.6,51.6,614.4
625,Sauvignon Blanc,Barossa Valley,2.02,Medium,13.51,3.33,124.9,24.18,2023-08-20,6.3,62.7,508.1
626,Chardonnay,Loire Valley,3.2,High,23.8,4.15,128.97,20.24,2023-09-22,11.1,36.9,590.4
627,Sauvignon Blanc,Napa Valley,1.86,Medium,14.02,2.93,50.2,14.97,2023-09-09,8.6,62.3,733.8
628,Syrah,Napa Valley,2.43,Medium,20.72,3.76,311.2,17.51,2023-08-06,8.1,57.7,464.3
629,Riesling,Loire Valley,2.31,Medium,11.93,3.49,287.78,19.69,2023-08-11,9.3,52.2,740.7
630,Riesling,Barossa Valley,2.09,Medium,19.01,3.34,238.2,17.66,2023-09-28,6.5,58.0,650.4
631,Cabernet Sauvignon,Loire Valley,2.73,High,25.12,3.69,275.08,11.8,2023-09-30,10.5,46.5,493.2
632,Pinot Noir,Bordeaux,2.24,Medium,16.95,3.79,95.61,14.68,2023-09-03,9.5,35.5,561.9
633,Sauvignon Blanc,Rioja,2.61,High,23.3,2.81,187.5,22.04,2023-08-13,7.1,56.6,395.3
634,Cabernet Sauvignon,Loire Valley,2.82,High,25.91,3.03,155.37,22.92,2023-08-22,7.1,51.0,790.2
635,Chardonnay,Mendoza,2.36,Medium,28.54,3.8,78.13,12.06,2023-09-05,7.1,55.6,600.4
636,Chardonnay,Loire Valley,2.07,Medium,14.69,3.73,195.84,24.29,2023-08-28,6.3,43.5,226.3
637,Cabernet Sauvignon,Napa Valley,2.23,Medium,17.99,4.15,326.22,14.93,2023-08-08,9.5,66.3,396.0
638,Riesling,Mendoza,2.59,High,13.05,3.87,62.02,19.93,2023-09-23,11.0,53.5,574.0
639,Chardonnay,Napa Valley,2.8,High,29.85,4.13,137.44,21.28,2023-09-03,6.1,33.4,233.8
640,Zinfandel,Sonoma,2.89,High,28.54,3.78,112.26,22.18,2023-08-17,6.3,48.0,214.3
641,Syrah,Tuscany,2.94,High,20.8,3.22,121.44,24.19,2023-08-30,9.4,60.3,470.0
642,Syrah,Napa Valley,3.0,High,26.84,2.95,322.53,14.69,2023-08-05,10.9,61.8,399.6
643,Zinfandel,Mendoza,2.66,High,20.42,3.89,190.42,22.88,2023-09-25,8.0,49.8,463.0
644,Cabernet Sauvignon,Sonoma,2.18,Medium,22.47,3.7,189.89,11.98,2023-09-04,8.1,65.8,357.6
645,Zinfandel,Napa Valley,2.25,Medium,11.78,2.87,278.17,20.58,2023-08-02,9.6,40.7,298.8
646,Sauvignon Blanc,Bordeaux,2.87,High,25.11,3.3,96.35,21.13,2023-08-18,7.6,46.4,613.5
647,Sauvignon Blanc,Loire Valley,1.7,Medium,12.55,4.14,196.18,20.17,2023-08-02,6.2,65.9,508.7
648,Cabernet Sauvignon,Tuscany,2.98,High,26.52,3.5,179.0,13.78,2023-09-01,10.4,65.9,320.1
649,Zinfandel,Napa Valley,3.35,High,25.64,3.41,229.07,23.1,2023-08-02,9.8,57.4,391.8
650,Sauvignon Blanc,Sonoma,2.59,High,24.17,3.44,349.87,12.53,2023-08-03,9.5,64.4,555.1
651,Riesling,Bordeaux,1.74,Medium,10.72,3.09,280.83,10.8,2023-09-23,10.5,33.6,243.3
652,Zinfandel,Barossa Valley,2.72,High,16.06,3.32,169.36,20.76,2023-09-04,10.1,64.6,288.5
653,Riesling,Sonoma,1.95,Medium,15.26,3.32,298.27,17.13,2023-08-27,7.2,42.8,243.9
654,Sauvignon Blanc,Loire Valley,2.42,Medium,17.2,2.87,101.21,22.74,2023-09-30,8.1,37.1,687.4
655,Syrah,Sonoma,1.53,Medium,11.75,3.87,59.14,15.75,2023-09-22,6.8,39.6,651.4
656,Sauvignon Blanc,Bordeaux,2.4,Medium,28.74,3.38,111.33,12.52,2023-09-14,6.8,46.7,652.0
657,Riesling,Sonoma,3.04,High,21.08,3.95,152.12,22.55,2023-09-29,10.1,40.0,629.8
658,Merlot,Bordeaux,2.66,High,16.11,3.99,203.17,18.23,2023-08-02,11.2,42.8,601.6
659,Pinot Noir,Napa Valley,2.53,High,17.94,3.1,234.54,12.84,2023-08-20,11.8,35.4,486.2
660,Chardonnay,Rioja,2.84,High,18.94,3.72,323.18,20.81,2023-08-10,9.8,41.8,585.4
661,Zinfandel,Bordeaux,2.41,Medium,22.01,3.46,202.96,17.67,2023-09-03,7.1,52.9,223.0
662,Merlot,Bordeaux,2.19,Medium,20.31,4.03,200.38,19.06,2023-09-13,6.6,47.7,572.9
663,Sauvignon Blanc,Tuscany,3.28,High,28.39,3.1,65.07,16.91,2023-09-14,10.9,43.9,666.7
664,Syrah,Bordeaux,2.92,High,19.94,3.75,60.47,22.43,2023-09-03,9.5,59.9,500.2
665,Cabernet Sauvignon,Bordeaux,3.57,Premium,29.84,3.65,215.35,22.44,2023-09-08,9.7,65.7,414.5
666,Sauvignon Blanc,Barossa Valley,3.44,High,27.03,3.21,181.45,20.64,2023-08-06,10.7,60.3,366.5
667,Syrah,Rioja,1.93,Medium,14.17,2.99,301.75,11.58,2023-09-13,10.2,43.3,585.7
668,Pinot Noir,Napa Valley,3.7,Premium,28.61,3.71,98.2,22.58,2023-09-03,11.0,59.8,615.7
669,Sauvignon Blanc,Loire Valley,1.78,Medium,12.33,3.83,57.49,20.07,2023-09-17,6.3,36.1,722.6
670,Riesling,Tuscany,3.36,High,26.35,3.24,184.71,20.46,2023-09-24,10.5,35.2,405.4
671,Cabernet Sauvignon,Barossa Valley,2.62,High,17.61,3.7,121.24,15.44,2023-08-22,11.1,43.8,661.9
672,Syrah,Mendoza,3.1,High,27.56,3.35,64.88,23.19,2023-08-21,7.7,62.3,536.8
673,Syrah,Rioja,3.33,High,27.36,3.8,267.38,20.88,2023-08-19,9.8,39.9,729.7
674,Syrah,Napa Valley,2.29,Medium,26.12,3.08,83.48,11.69,2023-08-13,7.9,32.5,516.7
675,Pinot Noir,Napa Valley,3.17,High,25.8,4.05,232.5,16.12,2023-08-08,11.7,35.3,510.6
676,Sauvignon Blanc,Mendoza,2.12,Medium,16.09,3.2,134.31,23.3,2023-09-27,6.2,64.3,546.7
677,Pinot Noir,Loire Valley,1.68,Medium,11.62,3.31,102.05,10.71,2023-09-03,9.5,55.4,649.6
678,Zinfandel,Bordeaux,2.3,Medium,18.06,2.88,163.93,24.42,2023-08-14,7.0,40.1,778.8
679,Chardonnay,Barossa Valley,2.47,Medium,13.47,2.96,290.43,20.19,2023-09-01,10.3,52.2,244.1
680,Chardonnay,Sonoma,2.64,High,23.9,3.52,167.63,19.47,2023-09-11,7.1,51.1,232.1
681,Zinfandel,Tuscany,1.84,Medium,16.92,3.17,275.23,14.06,2023-09-06,7.4,56.2,762.5
682,Sauvignon Blanc,Sonoma,2.8,High,29.51,3.97,87.65,13.73,2023-09-17,9.0,39.3,517.9
683,Riesling,Mendoza,3.32,High,22.82,2.82,281.83,24.13,2023-09-02,11.5,64.6,568.9
684,Pinot Noir,Napa Valley,2.46,Medium,26.45,3.33,121.08,14.47,2023-09-27,7.3,42.4,489.5
685,Cabernet Sauvignon,Loire Valley,2.03,Medium,12.65,3.27,253.22,21.63,2023-09-20,6.9,57.8,256.2
686,Syrah,Napa Valley,3.03,High,27.24,2.83,219.73,15.9,2023-09-18,10.6,30.6,660.9
687,Syrah,Tuscany,2.61,High,28.46,2.97,328.74,12.09,2023-08-10,9.0,44.9,648.3
688,Sauvignon Blanc,Napa Valley,2.48,Medium,19.74,3.38,166.2,10.16,2023-08-06,11.5,44.1,387.0
689,Riesling,Napa Valley,2.42,Medium,22.13,3.49,69.85,18.16,2023-09-23,6.9,51.7,383.7
690,Chardonnay,Tuscany,3.34,High,25.3,3.37,55.75,24.64,2023-08-19,9.9,32.9,702.7
691,Chardonnay,Barossa Valley,1.8,Medium,13.5,3.54,298.06,15.54,2023-09-09,7.4,61.6,243.4
692,Syrah,Barossa Valley,2.08,Medium,20.05,3.63,207.42,15.36,2023-09-29,6.9,38.7,728.7
693,Sauvignon Blanc,Tuscany,2.33,Medium,17.97,2.81,282.57,15.16,2023-08-20,10.1,57.1,354.0
694,Pinot Noir,Loire Valley,2.28,Medium,12.93,3.45,120.33,17.81,2023-09-25,9.6,62.1,555.8
695,Chardonnay,Mendoza,2.47,Medium,17.35,4.15,153.53,16.61,2023-08-21,10.5,52.5,761.6
696,Pinot Noir,Rioja,2.19,Medium,11.36,3.53,59.03,23.2,2023-08-28,7.9,59.6,606.9
697,Riesling,Napa Valley,1.92,Medium,10.52,3.75,338.45,17.58,2023-08-09,8.7,56.5,448.7
698,Chardonnay,Loire Valley,2.0,Medium,12.7,3.24,250.36,17.62,2023-09-01,8.4,44.2,613.7
699,Chardonnay,Napa Valley,3.18,High,29.26,3.88,329.96,12.08,2023-08-16,11.9,62.4,406.4
700,Merlot,Rioja,2.66,High,20.99,3.88,129.65,24.74,2023-09-14,7.8,41.8,366.4
701,Chardonnay,Mendoza,2.7,High,29.32,3.53,233.44,13.75,2023-08-16,7.8,52.8,798.0
702,Zinfandel,Barossa Valley,1.77,Medium,18.65,4.17,253.55,11.1,2023-08-28,8.1,59.8,650.5
703,Cabernet Sauvignon,Loire Valley,2.47,Medium,16.24,2.98,145.26,19.95,2023-09-04,9.4,45.2,586.8
704,Zinfandel,Bordeaux,2.28,Medium,20.12,2.82,304.43,18.93,2023-08-02,7.5,42.1,413.2
705,Sauvignon Blanc,Bordeaux,2.76,High,18.79,3.88,334.15,16.23,2023-09-22,11.5,48.4,229.5
706,Sauvignon Blanc,Rioja,1.71,Medium,12.11,3.93,315.46,16.33,2023-09-23,7.6,62.7,218.6
707,Pinot Noir,Bordeaux,3.32,High,22.82,2.97,271.72,21.78,2023-08-06,11.4,67.2,532.5
708,Zinfandel,Barossa Valley,1.47,Low,14.32,3.17,133.24,12.94,2023-09-02,6.6,51.8,657.2
709,Zinfandel,Rioja,3.02,High,22.39,2.82,134.48,22.3,2023-09-24,9.9,56.5,522.4
710,Zinfandel,Barossa Valley,3.26,High,23.0,3.21,339.01,19.73,2023-08-28,11.4,66.1,704.5
711,Riesling,Mendoza,1.67,Medium,13.04,3.88,53.09,16.28,2023-08-27,7.0,33.9,220.1
712,Chardonnay,Napa Valley,2.49,Medium,11.23,3.53,264.81,16.87,2023-08-22,11.8,39.3,420.1
713,Cabernet Sauvignon,Mendoza,2.59,High,25.62,3.29,261.87,13.85,2023-09-04,8.7,58.4,342.2
714,Pinot Noir,Mendoza,3.21,High,19.2,3.32,236.81,21.28,2023-08-01,11.7,62.9,468.4
715,Zinfandel,Barossa Valley,2.09,Medium,11.16,2.8,347.03,17.69,2023-08-05,10.1,64.3,243.4
716,Zinfandel,Rioja,2.74,High,29.9,3.22,143.56,14.81,2023-09-28,7.8,46.6,772.5
717,Merlot,Rioja,1.8,Medium,11.16,3.71,151.99,18.94,2023-09-11,7.1,33.6,334.0
718,Pinot Noir,Bordeaux,2.77,High,23.9,4.16,73.68,24.94,2023-08-21,7.8,47.5,753.4
719,Zinfandel,Sonoma,2.59,High,29.67,3.99,182.84,16.53,2023-08-15,6.6,39.2,455.5
720,Pinot Noir,Napa Valley,2.07,Medium,14.78,2.83,128.31,23.81,2023-08-15,6.9,41.6,791.3
721,Chardonnay,Barossa Valley,1.48,Low,12.84,4.06,153.02,15.18,2023-09-10,6.6,60.9,532.4
722,Merlot,Bordeaux,1.52,Medium,12.43,3.9,300.37,10.82,2023-08-25,8.5,33.0,758.5
723,Pinot Noir,Loire Valley,2.27,Medium,16.07,3.89,330.65,13.06,2023-08-17,10.8,63.1,203.2
724,Cabernet Sauvignon,Sonoma,1.66,Medium,12.02,3.44,105.72,16.28,2023-08-17,6.8,47.1,648.9
725,Cabernet Sauvignon,Sonoma,2.15,Medium,23.84,3.36,161.75,13.29,2023-09-14,6.8,53.8,741.8
726,Sauvignon Blanc,Barossa Valley,1.66,Medium,11.25,3.22,328.59,10.0,2023-08-12,9.9,33.6,283.8
727,Merlot,Tuscany,2.46,Medium,20.19,2.89,68.54,23.73,2023-09-01,7.2,43.5,257.7
728,Merlot,Napa Valley,3.0,High,29.93,3.12,77.71,22.66,2023-08-17,6.6,33.6,454.7
729,Sauvignon Blanc,Sonoma,2.8,High,26.28,3.15,98.84,21.13,2023-09-21,7.0,68.5,760.2
730,Pinot Noir,Barossa Valley,2.82,High,22.3,3.48,228.56,12.52,2023-08-01,11.5,62.3,525.4
731,Merlot,Barossa Valley,2.22,Medium,16.13,3.85,95.14,11.81,2023-09-21,10.9,48.4,516.5
732,Cabernet Sauvignon,Bordeaux,2.16,Medium,22.48,3.46,340.42,11.01,2023-08-17,8.1,38.9,284.7
733,Cabernet Sauvignon,Loire Valley,2.85,High,20.54,2.88,184.01,20.86,2023-08-23,9.9,67.3,200.5
734,Zinfandel,Tuscany,2.68,High,18.52,4.14,200.46,23.93,2023-08-16,9.2,43.8,686.1
735,Chardonnay,Napa Valley,2.12,Medium,12.61,4.12,124.0,16.46,2023-08-11,10.1,36.4,252.5
736,Merlot,Rioja,2.77,High,27.73,3.9,191.29,11.79,2023-09-11,10.1,52.5,580.3
737,Pinot Noir,Mendoza,2.51,High,19.0,4.19,248.57,17.69,2023-09-28,9.8,67.8,748.8
738,Sauvignon Blanc,Loire Valley,1.83,Medium,13.89,3.56,275.35,15.23,2023-08-25,7.6,30.2,325.2
739,Sauvignon Blanc,Loire Valley,1.69,Medium,17.36,4.15,276.16,15.62,2023-08-27,6.2,39.5,599.2
740,Pinot Noir,Bordeaux,2.42,Medium,18.28,2.91,223.37,19.32,2023-08-24,8.7,67.5,247.2
741,Riesling,Rioja,3.55,Premium,26.55,3.31,321.31,20.78,2023-08-04,11.3,36.8,562.3
742,Syrah,Sonoma,2.46,Medium,24.67,3.12,295.22,11.66,2023-08-09,9.4,34.5,298.4
743,Chardonnay,Sonoma,2.68,High,25.39,3.07,277.11,10.53,2023-09-10,11.0,52.8,641.6
744,Sauvignon Blanc,Bordeaux,2.67,High,10.22,3.0,66.68,24.91,2023-09-21,11.9,64.5,380.7
745,Merlot,Barossa Valley,1.86,Medium,18.32,3.67,52.06,13.49,2023-08-20,7.0,49.1,478.0
746,Chardonnay,Sonoma,2.23,Medium,19.63,3.89,113.73,10.81,2023-09-09,10.2,69.8,559.7
747,Merlot,Tuscany,1.85,Medium,10.38,3.61,249.06,12.85,2023-09-19,10.0,57.2,302.8
748,Riesling,Napa Valley,2.21,Medium,15.2,3.01,173.36,10.58,2023-09-20,11.9,33.0,645.0
749,Cabernet Sauvignon,Loire Valley,3.18,High,25.21,3.94,170.72,15.88,2023-08-16,11.9,69.7,381.6
750,Chardonnay,Loire Valley,2.6,High,12.74,3.69,315.38,22.04,2023-08-21,10.1,46.3,597.4
751,Zinfandel,Tuscany,2.19,Medium,20.71,3.34,318.67,15.12,2023-08-09,7.5,41.5,295.0
752,Sauvignon Blanc,Rioja,2.44,Medium,14.3,3.74,322.75,16.66,2023-09-24,10.8,52.3,612.9
753,Chardonnay,Sonoma,1.7,Medium,10.24,3.16,144.16,20.13,2023-08-10,6.6,42.2,276.9
754,Chardonnay,Loire Valley,2.53,High,14.82,3.28,257.32,17.63,2023-09-18,10.7,33.5,455.2
755,Chardonnay,Mendoza,3.74,Premium,29.52,4.08,131.49,22.92,2023-08-11,11.5,30.1,348.3
756,Syrah,Rioja,3.07,High,26.03,3.21,107.18,22.99,2023-09-15,8.3,48.0,649.0
757,Chardonnay,Napa Valley,2.78,High,29.19,3.46,105.39,10.15,2023-09-24,9.8,63.5,357.2
758,Merlot,Napa Valley,2.66,High,19.76,4.05,152.63,21.67,2023-08-10,8.6,52.9,729.0
759,Cabernet Sauvignon,Loire Valley,1.95,Medium,12.19,3.79,178.99,16.91,2023-08-06,8.6,70.0,735.1
760,Riesling,Bordeaux,2.62,High,20.96,2.89,299.28,24.83,2023-08-15,7.9,41.5,317.9
761,Pinot Noir,Rioja,2.67,High,19.09,3.01,85.97,17.25,2023-09-09,10.6,41.2,568.3
762,Chardonnay,Loire Valley,3.57,Premium,26.89,2.81,270.48,24.8,2023-08-15,11.6,36.4,252.6
763,Sauvignon Blanc,Bordeaux,2.76,High,11.96,3.68,209.44,21.32,2023-09-09,11.6,36.6,434.9
764,Chardonnay,Loire Valley,1.98,Medium,19.76,3.43,136.38,13.73,2023-09-15,7.0,41.4,628.0
765,Sauvignon Blanc,Mendoza,2.46,Medium,13.0,2.99,197.85,18.08,2023-08-23,11.2,61.7,595.7
766,Merlot,Rioja,2.76,High,16.49,4.14,139.98,24.88,2023-09-29,10.4,66.2,574.8
767,Sauvignon Blanc,Barossa Valley,2.92,High,24.75,3.54,228.82,22.86,2023-09-16,7.5,69.0,369.5
768,Zinfandel,Napa Valley,1.65,Medium,19.52,3.14,180.15,11.46,2023-09-07,6.4,39.3,426.8
769,Pinot Noir,Loire Valley,2.42,Medium,17.52,3.5,99.32,20.6,2023-08-23,7.6,65.3,261.8
770,Cabernet Sauvignon,Mendoza,2.67,High,17.89,3.75,84.97,15.18,2023-08-10,11.5,43.1,631.4
771,Sauvignon Blanc,Bordeaux,2.04,Medium,19.19,2.91,214.01,10.1,2023-08-12,9.8,34.5,502.3
772,Sauvignon Blanc,Bordeaux,2.98,High,25.7,3.18,320.72,16.05,2023-09-18,10.3,64.8,625.3
773,Cabernet Sauvignon,Napa Valley,2.45,Medium,27.84,3.93,153.19,13.52,2023-08-25,7.5,55.4,349.4
774,Pinot Noir,Tuscany,3.65,Premium,29.11,3.44,269.9,22.28,2023-08-24,10.3,36.6,394.7
775,Chardonnay,Loire Valley,2.3,Medium,25.74,3.57,247.6,15.06,2023-09-21,6.2,47.2,400.5
776,Sauvignon Blanc,Rioja,2.54,High,16.31,3.41,329.47,22.41,2023-09-22,8.3,41.5,215.4
777,Cabernet Sauvignon,Sonoma,2.3,Medium,23.76,2.86,296.29,10.01,2023-08-08,9.8,59.5,404.6
778,Zinfandel,Bordeaux,1.87,Medium,18.75,3.03,219.98,14.62,2023-09-28,6.9,48.1,682.0
779,Zinfandel,Rioja,2.34,Medium,15.09,3.42,247.11,13.62,2023-09-12,10.9,69.6,738.4
780,Merlot,Rioja,2.37,Medium,26.82,3.09,319.52,13.5,2023-08-14,7.4,32.2,510.9
781,Cabernet Sauvignon,Barossa Valley,1.61,Medium,10.77,2.87,169.86,11.02,2023-09-28,9.9,44.2,473.3
782,Merlot,Rioja,2.55,High,28.04,3.98,148.04,12.81,2023-09-29,8.4,49.3,218.5
783,Zinfandel,Rioja,2.54,High,19.23,4.17,53.24,18.33,2023-08-29,9.6,50.1,727.5
784,Pinot Noir,Barossa Valley,2.05,Medium,22.74,3.91,297.97,14.37,2023-08-11,6.6,42.6,207.8
785,Chardonnay,Bordeaux,2.1,Medium,23.19,4.0,290.29,16.26,2023-08-23,6.1,59.2,766.9
786,Cabernet Sauvignon,Rioja,3.28,High,27.9,3.14,81.34,15.65,2023-08-10,11.5,65.0,493.5
787,Riesling,Tuscany,2.67,High,22.73,4.14,223.06,23.14,2023-09-10,7.6,67.5,405.2
788,Zinfandel,Tuscany,3.25,High,22.28,3.08,189.19,23.58,2023-08-25,10.9,62.2,754.5
789,Zinfandel,Mendoza,2.41,Medium,11.33,4.13,85.61,17.39,2023-08-15,12.0,64.0,214.6
790,Riesling,Barossa Valley,2.0,Medium,20.37,4.19,344.17,14.95,2023-09-16,7.3,52.0,548.9
791,Syrah,Mendoza,1.48,Low,13.0,3.8,114.41,11.6,2023-09-26,7.6,63.0,529.4
792,Zinfandel,Barossa Valley,3.18,High,24.75,4.17,70.17,24.3,2023-09-22,10.0,42.1,331.6
793,Sauvignon Blanc,Loire Valley,2.62,High,20.24,3.6,228.45,10.9,2023-09-06,11.8,45.9,457.3
794,Pinot Noir,Loire Valley,2.94,High,23.6,3.16,271.66,14.46,2023-08-08,11.5,42.7,591.4
795,Cabernet Sauvignon,Rioja,1.83,Medium,10.83,3.41,59.73,14.47,2023-08-22,9.0,48.7,636.3
796,Riesling,Sonoma,2.19,Medium,11.7,3.63,247.62,14.81,2023-08-26,10.8,41.4,200.4
797,Sauvignon Blanc,Loire Valley,2.01,Medium,24.33,2.9,209.69,12.46,2023-09-06,6.8,68.5,762.1
798,Riesling,Sonoma,2.81,High,11.44,3.67,80.98,21.75,2023-08-25,11.9,42.5,298.7
799,Cabernet Sauvignon,Loire Valley,2.01,Medium,11.43,4.17,101.76,11.84,2023-08-10,11.8,33.9,340.1
800,Merlot,Napa Valley,1.71,Medium,10.24,3.07,220.39,19.52,2023-09-28,7.0,51.1,358.1
801,Cabernet Sauvignon,Loire Valley,2.47,Medium,29.13,3.91,138.91,11.86,2023-09-28,7.8,32.3,222.7
802,Syrah,Mendoza,1.91,Medium,24.75,4.07,331.49,11.06,2023-09-17,6.6,34.4,273.8
803,Cabernet Sauvignon,Bordeaux,2.34,Medium,17.07,4.12,295.62,23.64,2023-09-21,7.6,38.8,791.8
804,Cabernet Sauvignon,Rioja,2.2,Medium,15.93,4.14,345.07,12.85,2023-09-25,10.9,48.6,389.1
805,Syrah,Mendoza,2.6,High,16.99,3.53,127.9,22.32,2023-08-12,8.3,47.3,269.2
806,Pinot Noir,Bordeaux,2.39,Medium,25.49,4.17,340.92,18.17,2023-08-04,6.5,62.0,264.2
807,Zinfandel,Tuscany,2.13,Medium,23.23,3.86,179.37,11.17,2023-08-23,8.1,59.6,631.7
808,Cabernet Sauvignon,Mendoza,2.89,High,13.7,3.03,154.26,24.33,2023-09-22,11.9,47.1,712.7
809,Syrah,Tuscany,2.08,Medium,13.48,3.47,65.1,13.7,2023-08-16,9.8,43.3,354.2
810,Sauvignon Blanc,Sonoma,2.26,Medium,11.97,3.81,65.83,22.89,2023-08-30,8.5,42.7,212.5
811,Merlot,Sonoma,2.04,Medium,23.21,3.15,257.6,12.53,2023-09-08,7.0,61.0,333.9
812,Merlot,Napa Valley,3.65,Premium,25.29,3.7,187.38,22.81,2023-09-22,11.9,32.1,233.9
813,Cabernet Sauvignon,Loire Valley,2.09,Medium,15.3,3.73,117.96,10.2,2023-09-02,10.9,30.5,262.0
814,Pinot Noir,Mendoza,1.7,Medium,10.42,3.03,234.19,17.68,2023-09-24,7.7,61.8,458.9
815,Pinot Noir,Tuscany,1.91,Medium,11.64,3.59,125.86,21.54,2023-08-07,6.4,49.1,338.0
816,Sauvignon Blanc,Bordeaux,2.92,High,29.36,3.88,223.29,24.02,2023-09-22,6.3,35.2,509.6
817,Cabernet Sauvignon,Sonoma,2.27,Medium,15.91,3.5,157.76,23.64,2023-08-20,6.7,39.4,352.1
818,Merlot,Loire Valley,3.14,High,25.38,2.82,297.07,22.29,2023-09-03,9.5,67.3,764.3
819,Pinot Noir,Sonoma,3.31,High,22.49,2.81,296.21,23.32,2023-08-03,11.6,64.4,743.6
820,Cabernet Sauvignon,Bordeaux,2.11,Medium,17.64,3.3,193.21,12.99,2023-08-08,9.0,58.4,540.1
821,Riesling,Loire Valley,2.23,Medium,14.11,4.1,155.25,14.26,2023-08-15,11.1,49.3,412.7
822,Pinot Noir,Loire Valley,1.79,Medium,12.43,3.12,158.77,14.33,2023-08-24,8.7,50.8,428.7
823,Syrah,Tuscany,2.78,High,22.3,3.69,291.71,15.66,2023-09-23,10.3,69.0,447.1
824,Riesling,Tuscany,2.96,High,25.49,3.11,148.45,15.9,2023-09-16,10.4,68.6,636.5
825,Zinfandel,Mendoza,2.42,Medium,22.88,3.25,112.72,18.17,2023-09-29,7.0,38.6,471.0
826,Pinot Noir,Mendoza,2.04,Medium,20.61,3.99,75.41,12.4,2023-08-13,8.2,62.4,714.0
827,Merlot,Barossa Valley,2.3,Medium,10.84,3.82,190.01,20.37,2023-09-25,9.8,37.9,766.5
828,Chardonnay,Rioja,2.25,Medium,29.37,2.93,194.64,12.51,2023-09-02,6.4,38.5,401.6
829,Riesling,Barossa Valley,2.61,High,25.97,3.4,302.27,14.65,2023-08-03,8.2,57.0,536.4
830,Zinfandel,Napa Valley,2.22,Medium,15.86,2.84,116.37,17.55,2023-09-27,9.2,46.2,257.0
831,Sauvignon Blanc,Sonoma,3.97,Premium,29.6,3.47,164.3,21.95,2023-09-11,12.0,67.3,320.3
832,Sauvignon Blanc,Mendoza,2.87,High,22.04,3.73,292.52,21.09,2023-09-25,8.8,33.6,448.1
833,Merlot,Tuscany,3.03,High,21.65,2.97,297.09,19.68,2023-09-09,10.9,50.5,323.7
834,Pinot Noir,Bordeaux,2.41,Medium,24.96,3.2,165.38,12.34,2023-08-12,8.6,66.7,725.9
835,Cabernet Sauvignon,Tuscany,3.29,High,26.24,3.36,187.74,18.21,2023-09-19,10.8,66.2,295.0
836,Pinot Noir,Sonoma,2.33,Medium,23.13,4.09,140.99,11.31,2023-08-28,9.6,36.3,473.4
837,Merlot,Barossa Valley,2.24,Medium,12.56,4.19,329.77,15.66,2023-09-20,11.3,44.7,563.4
838,Sauvignon Blanc,Tuscany,2.08,Medium,16.77,2.86,85.59,16.2,2023-09-15,8.5,54.8,615.1
839,Pinot Noir,Rioja,2.66,High,28.56,3.87,330.12,10.6,2023-09-18,9.6,36.4,429.8
840,Sauvignon Blanc,Napa Valley,2.13,Medium,14.49,3.32,255.16,14.11,2023-08-23,9.8,68.7,721.5
841,Riesling,Sonoma,2.63,High,17.44,3.35,209.47,24.33,2023-09-23,8.5,66.6,541.0
842,Zinfandel,Barossa Valley,2.38,Medium,18.64,3.86,59.8,24.3,2023-08-21,6.9,36.7,463.7
843,Cabernet Sauvignon,Rioja,1.83,Medium,18.79,4.09,192.68,15.28,2023-09-25,6.6,34.8,240.3
844,Riesling,Bordeaux,1.64,Medium,22.26,4.13,172.32,10.65,2023-08-29,6.1,33.4,478.8
845,Sauvignon Blanc,Barossa Valley,3.15,High,28.86,3.61,98.37,12.69,2023-08-11,11.2,66.4,692.4
846,Sauvignon Blanc,Loire Valley,1.86,Medium,14.81,3.3,246.92,15.88,2023-08-27,7.4,37.7,568.7
847,Chardonnay,Rioja,2.06,Medium,12.43,3.9,341.35,24.22,2023-09-24,7.3,46.7,699.3
848,Chardonnay,Rioja,2.02,Medium,13.95,3.15,218.66,12.12,2023-09-25,10.4,48.0,496.4
849,Riesling,Napa Valley,3.12,High,27.74,3.59,264.43,21.45,2023-08-18,7.9,54.0,271.1
850,Syrah,Sonoma,2.33,Medium,22.92,3.3,70.54,11.63,2023-08-08,9.0,32.9,208.2
851,Riesling,Bordeaux,2.25,Medium,15.72,3.72,175.3,24.72,2023-08-26,7.0,39.1,381.9
852,Chardonnay,Napa Valley,3.24,High,26.32,3.14,84.91,15.72,2023-08-31,11.8,67.3,618.8
853,Sauvignon Blanc,Barossa Valley,3.55,Premium,27.23,3.07,233.84,21.63,2023-08-21,11.1,66.3,674.2
854,Merlot,Napa Valley,3.08,High,26.93,4.09,331.54,15.14,2023-09-19,11.2,61.3,377.5
855,Riesling,Rioja,2.99,High,28.38,2.94,248.53,19.42,2023-09-20,8.4,30.8,497.4
856,Sauvignon Blanc,Sonoma,2.26,Medium,15.04,3.51,73.04,12.88,2023-08-20,10.6,43.1,452.7
857,Merlot,Mendoza,2.1,Medium,25.1,3.11,156.4,12.19,2023-09-07,6.9,55.1,446.3
858,Merlot,Napa Valley,2.21,Medium,19.21,2.85,215.2,24.07,2023-08-28,6.1,41.0,338.8
859,Chardonnay,Loire Valley,2.66,High,26.84,2.85,170.96,23.76,2023-08-25,6.1,66.4,281.8
860,Riesling,Napa Valley,3.15,High,24.57,3.05,300.09,23.31,2023-08-20,9.5,55.4,318.0
861,Pinot Noir,Barossa Valley,2.88,High,25.53,4.01,294.4,19.38,2023-09-30,8.7,32.9,233.2
862,Cabernet Sauvignon,Barossa Valley,3.03,High,23.12,3.2,233.55,22.12,2023-09-28,9.1,66.4,318.9
863,Chardonnay,Bordeaux,1.12,Low,13.55,4.13,162.04,11.04,2023-09-18,6.0,68.3,205.5
864,Chardonnay,Barossa Valley,2.38,Medium,20.9,3.61,126.6,15.02,2023-08-11,8.5,33.1,576.4
865,Pinot Noir,Tuscany,3.19,High,29.69,3.41,81.76,14.71,2023-09-01,10.3,51.3,389.8
866,Cabernet Sauvignon,Sonoma,3.18,High,28.75,3.61,156.47,19.53,2023-08-06,8.7,42.1,783.9
867,Sauvignon Blanc,Sonoma,2.14,Medium,10.86,3.52,173.95,15.34,2023-08-12,10.4,45.7,316.2
868,Syrah,Mendoza,1.49,Low,13.3,3.86,252.75,12.23,2023-09-29,7.4,37.2,407.5
869,Riesling,Mendoza,2.5,Medium,12.63,3.2,247.45,18.95,2023-08-15,10.9,53.1,414.7
870,Syrah,Sonoma,3.2,High,24.52,3.29,71.03,22.22,2023-08-19,9.5,68.3,205.1
871,Sauvignon Blanc,Loire Valley,2.44,Medium,26.36,4.05,168.58,15.73,2023-09-23,7.3,50.1,703.5
872,Zinfandel,Mendoza,1.46,Low,14.27,4.13,104.53,11.98,2023-09-28,7.4,33.3,219.2
873,Chardonnay,Bordeaux,2.3,Medium,20.12,4.05,97.04,12.95,2023-09-20,9.8,54.8,764.1
874,Cabernet Sauvignon,Barossa Valley,3.05,High,26.81,3.39,298.19,13.56,2023-09-02,11.0,43.6,735.2
875,Chardonnay,Sonoma,2.5,Medium,24.66,3.89,62.57,14.5,2023-09-11,8.5,64.2,521.3
876,Merlot,Rioja,2.54,High,20.84,3.47,175.75,19.64,2023-09-08,7.5,47.4,526.2
877,Chardonnay,Mendoza,3.18,High,21.81,3.5,100.46,19.01,2023-08-28,11.2,37.7,592.3
878,Chardonnay,Sonoma,2.87,High,20.17,3.09,313.8,20.44,2023-08-13,10.0,37.6,432.2
879,Sauvignon Blanc,Tuscany,2.14,Medium,15.95,3.63,217.11,15.44,2023-08-24,8.7,60.8,588.3
880,Sauvignon Blanc,Napa Valley,2.85,High,21.3,3.06,119.41,22.36,2023-08-20,8.9,40.6,226.9
881,Sauvignon Blanc,Barossa Valley,2.17,Medium,23.78,3.26,200.73,13.06,2023-09-09,7.2,60.7,232.4
882,Syrah,Sonoma,3.03,High,27.47,4.0,269.45,17.04,2023-09-30,9.8,38.2,474.3
883,Merlot,Napa Valley,2.83,High,22.73,3.09,337.44,22.01,2023-09-25,8.2,42.9,529.8
884,Zinfandel,Mendoza,2.94,High,25.22,2.9,116.13,12.7,2023-09-13,12.0,48.6,732.7
885,Zinfandel,Napa Valley,1.64,Medium,13.2,2.9,315.85,11.65,2023-09-07,8.9,67.7,262.8
886,Sauvignon Blanc,Barossa Valley,2.68,High,19.23,4.12,330.29,23.26,2023-09-15,8.9,67.3,693.6
887,Cabernet Sauvignon,Sonoma,1.92,Medium,10.19,3.51,324.93,15.14,2023-09-16,9.4,38.3,326.0
888,Syrah,Tuscany,2.86,High,14.93,3.37,240.62,20.26,2023-09-02,11.5,44.3,436.5
889,Pinot Noir,Loire Valley,2.59,High,24.53,3.94,238.95,10.38,2023-08-25,10.8,36.0,390.0
890,Cabernet Sauvignon,Mendoza,3.21,High,29.84,3.97,170.96,20.35,2023-09-21,8.7,50.4,440.1
891,Riesling,Sonoma,2.09,Medium,11.98,3.27,275.72,14.74,2023-08-11,10.3,48.4,290.3
892,Riesling,Barossa Valley,2.05,Medium,18.03,3.77,209.39,10.84,2023-09-04,9.5,66.0,502.1
893,Cabernet Sauvignon,Mendoza,2.97,High,26.0,3.88,253.23,19.15,2023-08-23,9.0,67.2,681.0
894,Sauvignon Blanc,Bordeaux,1.63,Medium,14.08,3.72,178.54,13.61,2023-08-03,7.2,45.3,464.9
895,Pinot Noir,Napa Valley,2.4,Medium,21.1,3.01,269.45,15.8,2023-08-02,8.8,49.7,494.4
896,Pinot Noir,Loire Valley,2.08,Medium,24.66,4.03,297.34,11.21,2023-08-11,7.5,65.8,709.3
897,Syrah,Barossa Valley,2.79,High,22.32,3.55,93.93,12.21,2023-08-19,11.5,62.3,623.6
898,Pinot Noir,Bordeaux,1.78,Medium,13.76,3.2,299.88,14.47,2023-08-15,8.0,30.1,494.3
899,Riesling,Rioja,2.44,Medium,17.11,3.4,212.09,11.35,2023-08-31,11.7,42.8,354.6
900,Merlot,Sonoma,3.11,High,25.68,2.85,303.4,23.66,2023-08-03,9.2,46.9,731.0
901,Sauvignon Blanc,Tuscany,2.17,Medium,21.08,2.98,179.39,10.09,2023-08-08,9.8,39.2,546.2
902,Pinot Noir,Mendoza,1.95,Medium,10.1,3.87,163.71,17.26,2023-09-17,9.3,38.0,332.7
903,Syrah,Napa Valley,1.99,Medium,25.22,2.8,324.52,11.85,2023-09-13,6.8,31.5,361.5
904,Riesling,Mendoza,1.7,Medium,10.71,3.38,125.35,14.62,2023-09-15,8.3,55.7,681.9
905,Merlot,Loire Valley,2.79,High,24.91,3.53,303.26,23.89,2023-09-02,6.6,40.5,226.5
906,Chardonnay,Sonoma,1.87,Medium,14.05,2.88,195.21,12.43,2023-08-06,9.7,32.1,795.3
907,Chardonnay,Mendoza,3.23,High,29.16,4.16,204.23,24.49,2023-09-04,8.7,39.2,278.2
908,Merlot,Napa Valley,2.34,Medium,17.36,3.12,142.54,13.09,2023-08-16,10.7,62.1,677.6
909,Riesling,Sonoma,2.28,Medium,16.54,3.23,221.91,21.12,2023-08-05,7.3,64.1,436.9
910,Syrah,Mendoza,1.82,Medium,12.98,3.23,147.56,18.2,2023-08-19,7.0,49.3,495.3
911,Merlot,Tuscany,2.47,Medium,16.11,3.12,61.78,23.27,2023-09-24,8.4,46.6,728.4
912,Sauvignon Blanc,Barossa Valley,3.36,High,27.53,2.8,131.6,18.31,2023-09-03,11.6,69.1,447.7
913,Sauvignon Blanc,Sonoma,3.37,High,29.93,3.82,51.91,18.02,2023-08-01,10.3,38.0,522.5
914,Chardonnay,Barossa Valley,1.89,Medium,17.37,4.15,343.51,12.93,2023-09-27,8.5,38.6,229.6
915,Pinot Noir,Rioja,2.12,Medium,18.97,3.11,339.72,12.49,2023-08-07,9.1,41.7,201.4
916,Syrah,Sonoma,2.69,High,24.44,3.73,168.55,23.75,2023-08-24,6.5,36.9,346.9
917,Chardonnay,Tuscany,3.29,High,27.72,3.84,268.51,14.92,2023-09-19,11.9,45.2,608.3
918,Pinot Noir,Barossa Valley,2.63,High,21.86,3.99,153.74,15.58,2023-08-25,10.0,66.4,272.8
919,Pinot Noir,Bordeaux,2.49,Medium,17.83,3.39,251.33,21.4,2023-09-13,7.7,54.6,268.3
920,Zinfandel,Napa Valley,2.35,Medium,18.25,3.22,291.63,15.08,2023-09-14,9.5,46.5,446.6
921,Sauvignon Blanc,Bordeaux,2.69,High,23.91,3.26,334.03,24.28,2023-08-08,6.7,67.4,588.7
922,Riesling,Mendoza,2.63,High,10.06,3.8,170.06,21.07,2023-08-20,11.8,31.9,627.2
923,Cabernet Sauvignon,Tuscany,2.4,Medium,22.39,3.94,284.99,18.96,2023-08-28,7.0,38.4,307.1
924,Riesling,Bordeaux,2.76,High,17.11,3.05,129.78,23.21,2023-09-21,9.9,52.6,247.8
925,Cabernet Sauvignon,Sonoma,2.21,Medium,25.88,3.32,347.1,10.74,2023-09-21,7.5,54.6,764.2
926,Merlot,Mendoza,1.95,Medium,11.86,4.06,57.73,13.86,2023-09-23,10.3,31.6,356.4
927,Sauvignon Blanc,Mendoza,2.85,High,21.76,3.93,231.06,16.98,2023-08-12,10.7,46.1,712.0
928,Pinot Noir,Bordeaux,2.3,Medium,19.62,4.18,247.85,13.4,2023-08-16,10.0,56.0,718.1
929,Syrah,Rioja,3.04,High,22.85,3.86,256.41,21.16,2023-08-04,9.7,57.9,663.5
930,Cabernet Sauvignon,Bordeaux,2.74,High,11.3,3.35,86.12,23.79,2023-09-26,11.4,55.5,301.3
931,Riesling,Rioja,2.17,Medium,21.6,3.63,331.56,16.36,2023-09-23,6.5,42.8,693.1
932,Pinot Noir,Tuscany,2.29,Medium,21.23,3.73,104.35,15.13,2023-08-04,8.0,33.7,661.6
933,Cabernet Sauvignon,Napa Valley,2.58,High,21.21,2.91,236.83,24.42,2023-08-28,7.5,47.1,558.0
934,Cabernet Sauvignon,Bordeaux,3.14,High,22.07,3.56,116.8,16.67,2023-09-07,11.9,35.2,402.3
935,Zinfandel,Loire Valley,2.61,High,23.53,3.79,142.16,17.34,2023-08-26,8.3,67.9,357.5
936,Cabernet Sauvignon,Rioja,2.93,High,26.1,3.03,213.94,15.27,2023-09-26,10.4,49.0,273.1
937,Syrah,Bordeaux,2.71,High,15.4,3.89,175.16,23.64,2023-09-22,10.1,42.7,505.9
938,Sauvignon Blanc,Barossa Valley,2.75,High,26.5,3.62,98.07,18.53,2023-09-03,7.3,60.7,551.2
939,Syrah,Sonoma,2.44,Medium,19.97,4.13,101.28,21.43,2023-08-15,7.4,49.9,415.6
940,Chardonnay,Loire Valley,2.02,Medium,11.54,2.86,175.44,22.18,2023-08-11,7.7,42.4,485.2
941,Pinot Noir,Loire Valley,1.75,Medium,11.17,3.17,277.18,15.13,2023-08-02,8.5,62.5,418.1
942,Sauvignon Blanc,Rioja,2.03,Medium,16.68,3.64,319.39,16.51,2023-09-02,7.4,64.7,584.6
943,Zinfandel,Barossa Valley,2.69,High,25.7,3.22,75.24,22.73,2023-08-14,6.1,56.9,740.8
944,Sauvignon Blanc,Barossa Valley,3.02,High,24.15,3.8,167.93,15.45,2023-08-09,11.3,31.9,298.4
945,Sauvignon Blanc,Mendoza,3.62,Premium,25.77,3.86,80.07,21.91,2023-09-15,11.8,52.7,428.8
946,Riesling,Rioja,2.61,High,20.35,2.94,54.98,24.11,2023-08-21,8.0,60.5,284.5
947,Sauvignon Blanc,Napa Valley,2.48,Medium,18.8,3.52,248.52,19.35,2023-09-30,8.0,35.5,575.0
948,Zinfandel,Sonoma,1.92,Medium,12.95,3.51,230.73,21.12,2023-09-04,6.0,39.1,637.3
949,Syrah,Tuscany,2.83,High,16.56,3.32,98.91,22.08,2023-09-21,10.1,65.3,759.1
950,Sauvignon Blanc,Loire Valley,3.0,High,18.68,4.11,120.14,22.68,2023-08-28,11.0,30.8,367.3
951,Merlot,Tuscany,1.54,Medium,11.77,3.96,57.11,15.93,2023-08-06,6.9,60.1,770.1
952,Pinot Noir,Bordeaux,1.41,Low,14.41,3.78,300.48,10.77,2023-08-24,7.0,49.0,238.0
953,Sauvignon Blanc,Bordeaux,2.83,High,21.96,3.8,342.41,16.03,2023-09-27,10.7,47.9,561.8
954,Pinot Noir,Tuscany,3.16,High,24.71,3.45,90.64,20.11,2023-08-29,9.7,30.3,234.3
955,Merlot,Bordeaux,2.55,High,29.97,4.09,119.44,16.76,2023-08-30,6.3,62.8,736.3
956,Merlot,Napa Valley,3.42,High,28.66,3.77,310.52,21.23,2023-09-09,9.7,44.4,517.9
957,Pinot Noir,Barossa Valley,2.36,Medium,22.85,3.82,327.94,15.35,2023-08-13,7.9,51.6,601.6
958,Cabernet Sauvignon,Bordeaux,2.38,Medium,18.42,4.01,175.89,19.52,2023-08-06,8.2,57.1,698.9
959,Chardonnay,Mendoza,2.64,High,22.72,3.18,65.19,12.8,2023-09-09,10.6,58.1,290.2
960,Riesling,Bordeaux,3.4,High,25.71,3.93,61.82,21.24,2023-08-31,10.9,68.2,223.2
961,Cabernet Sauvignon,Sonoma,1.98,Medium,12.37,3.07,222.18,18.19,2023-08-07,8.4,51.3,727.3
962,Cabernet Sauvignon,Napa Valley,2.59,High,18.2,3.28,167.87,13.06,2023-08-25,11.7,46.0,389.0
963,Syrah,Sonoma,2.64,High,26.8,3.27,58.6,14.38,2023-09-11,8.4,68.1,277.4
964,Riesling,Sonoma,2.81,High,17.68,4.17,224.98,21.23,2023-08-18,10.6,55.7,481.1
965,Riesling,Mendoza,2.53,High,21.44,4.0,53.39,17.24,2023-09-15,8.9,41.9,559.0
966,Cabernet Sauvignon,Napa Valley,2.75,High,21.76,3.78,286.21,13.24,2023-09-24,11.4,35.1,218.6
967,Sauvignon Blanc,Napa Valley,2.84,High,13.69,3.82,141.93,24.51,2023-08-05,11.4,63.7,364.9
968,Syrah,Rioja,2.21,Medium,17.24,3.59,62.08,20.73,2023-09-10,6.5,44.5,219.7
969,Syrah,Napa Valley,2.98,High,16.69,4.13,226.51,24.36,2023-09-05,11.6,56.4,452.2
970,Merlot,Napa Valley,2.29,Medium,10.52,3.49,169.31,16.41,2023-08-01,11.0,48.8,737.1
971,Zinfandel,Napa Valley,2.24,Medium,10.48,3.33,342.14,17.13,2023-08-19,10.7,38.0,789.6
972,Riesling,Mendoza,2.88,High,26.63,3.03,213.26,23.47,2023-08-05,7.2,54.1,582.2
973,Cabernet Sauvignon,Bordeaux,2.55,High,15.46,3.9,132.57,17.88,2023-09-30,10.8,32.4,297.0
974,Merlot,Rioja,3.1,High,20.36,3.83,262.83,20.61,2023-08-03,11.1,46.5,743.5
975,Pinot Noir,Sonoma,1.85,Medium,15.97,3.34,131.45,13.78,2023-08-21,7.7,51.9,509.7
976,Chardonnay,Napa Valley,3.36,High,28.81,2.84,321.27,16.7,2023-08-18,11.7,47.4,292.2
977,Zinfandel,Loire Valley,1.37,Low,15.19,3.97,162.42,11.85,2023-08-15,6.3,59.9,753.0
978,Zinfandel,Bordeaux,1.7,Medium,18.59,2.82,214.96,13.09,2023-08-08,6.9,63.1,654.5
979,Zinfandel,Bordeaux,2.51,High,27.45,3.79,65.17,10.01,2023-09-10,9.2,60.8,639.0
980,Syrah,Sonoma,2.47,Medium,26.84,4.16,177.84,10.59,2023-08-30,9.5,31.6,625.5
981,Pinot Noir,Mendoza,2.65,High,13.72,3.41,299.71,24.66,2023-08-11,9.9,37.8,320.2
982,Zinfandel,Tuscany,2.13,Medium,26.05,3.13,291.69,13.64,2023-08-16,6.1,51.5,326.6
983,Pinot Noir,Tuscany,3.11,High,19.16,3.79,117.3,19.95,2023-08-16,11.8,67.4,613.0
984,Sauvignon Blanc,Bordeaux,2.32,Medium,19.66,3.94,117.82,22.59,2023-08-16,6.3,63.4,331.8
985,Zinfandel,Barossa Valley,1.84,Medium,12.67,3.57,295.19,18.26,2023-08-06,6.9,63.7,463.2
986,Chardonnay,Barossa Valley,1.1,Low,11.61,4.15,329.12,12.3,2023-09-30,6.1,42.1,669.2
987,Pinot Noir,Sonoma,3.01,High,24.56,2.87,78.61,20.92,2023-08-07,9.4,47.2,670.4
988,Pinot Noir,Tuscany,3.13,High,19.93,3.51,185.02,19.0,2023-09-02,11.6,48.8,472.0
989,Chardonnay,Bordeaux,2.84,High,18.74,3.81,151.24,20.97,2023-08-16,10.0,36.3,675.3
990,Zinfandel,Mendoza,3.33,High,24.59,4.01,311.21,21.55,2023-09-30,10.9,31.2,703.2
991,Chardonnay,Tuscany,2.62,High,25.31,3.05,75.06,24.63,2023-09-05,6.1,67.9,592.9
992,Pinot Noir,Bordeaux,2.21,Medium,13.18,3.92,113.34,18.6,2023-08-20,9.3,39.6,337.1
993,Chardonnay,Bordeaux,2.52,High,22.2,3.57,275.74,15.12,2023-08-26,8.8,39.6,364.4
994,Pinot Noir,Napa Valley,2.28,Medium,12.71,3.36,65.39,19.73,2023-08-21,9.0,33.3,388.9
995,Pinot Noir,Mendoza,1.91,Medium,25.03,2.98,197.76,11.03,2023-08-07,6.4,67.1,270.1
996,Sauvignon Blanc,Napa Valley,3.14,High,23.14,4.01,182.63,23.46,2023-09-09,10.1,53.2,363.9
997,Cabernet Sauvignon,Sonoma,2.65,High,29.13,3.02,150.32,11.79,2023-08-19,9.0,56.7,325.7
998,Pinot Noir,Napa Valley,2.11,Medium,11.38,3.23,168.37,14.92,2023-08-28,10.6,66.5,473.2
999,Zinfandel,Loire Valley,2.28,Medium,11.14,3.21,208.98,22.24,2023-08-24,8.9,43.8,745.1
1000,Merlot,Napa Valley,1.96,Medium,15.64,4.02,98.41,18.96,2023-08-29,6.9,54.9,262.7
